{
"type": "FeatureCollection",
"name": "counties",
"crs": { "type": "name", "properties": { "name": "urn:ogc:def:crs:OGC:1.3:CRS84" } },
"features": [
{"type":"Feature","properties":{"NAME":"Dutchess","ABBREV":"DUTC","GNIS_ID":"974112","FIPS_CODE":"36027","SWIS":"130000","NYSP_ZONE":"East","POP1990":259462,"POP2000":280150,"POP2010":297488,"POP2020":295911,"DOS_LL":null,"DOSLL_DATE":null,"NYC":"N","CALC_SQ_MI":824.43604775599999,"DATEMOD":"2018-11-08","Shape_Leng":220942.55678899999,"Shape_Area":2135288102.5599999},"geometry":{"type":"MultiPolygon","coordinates":[[[[-73.908942406847814,42.078811066131493],[-73.908550930201613,42.078663520459152],[-73.908547886073023,42.078668247771013],[-73.908199465839857,42.079209341493062],[-73.907856513215322,42.079741937284638],[-73.90784310221413,42.079737778390523],[-73.903147087397187,42.078281490117405],[-73.903151652730941,42.078271639354085],[-73.903162287473052,42.078248699101515],[-73.90321851336374,42.0781274136151],[-73.903235520137812,42.07809072478635],[-73.903241751581376,42.078077280188985],[-73.903216942245209,42.078067645813292],[-73.901839055402135,42.077532552821303],[-73.896039645513099,42.075280111609956],[-73.893049129624302,42.074187185628148],[-73.890931388663446,42.073401416823749],[-73.890588323680831,42.073277806931131],[-73.884977670578991,42.071202570955322],[-73.884913554100734,42.071178853776651],[-73.883025415554911,42.070480386519449],[-73.879467703124774,42.069165641015893],[-73.875374028632876,42.067659815973606],[-73.87470032190123,42.067412061078265],[-73.872620530238933,42.066647178978705],[-73.872266973165878,42.066520213974513],[-73.872095111564121,42.066458438817946],[-73.872091180466015,42.066457026706338],[-73.87193545666392,42.066401052425022],[-73.864389152669958,42.063602297808551],[-73.864244405699239,42.063550356606534],[-73.863198421687002,42.06317499779248],[-73.854200487442853,42.059869666652041],[-73.853484711046178,42.05965485920634],[-73.848094099627986,42.057620896469125],[-73.847801799055432,42.057509525141398],[-73.84759521159944,42.057430810894608],[-73.846569838358391,42.057048287094403],[-73.84592852911797,42.056808797383837],[-73.845287223581877,42.056569302325883],[-73.845141530353999,42.05651376458448],[-73.845022412742878,42.056468357928374],[-73.844046972421665,42.056111006042769],[-73.842888559136057,42.05568660653438],[-73.84218087845943,42.055417741287634],[-73.842111817744168,42.055390001912983],[-73.839436255517427,42.054405714449715],[-73.839174667899854,42.054309342787192],[-73.83917456587082,42.054309304828934],[-73.839174522652527,42.054309289080905],[-73.839174472233935,42.054309270558122],[-73.838156909533879,42.053934379918452],[-73.83669402344205,42.053393464289371],[-73.835633430050052,42.052999542090433],[-73.835232177693811,42.052853847402019],[-73.834640015641995,42.052638831493411],[-73.832264030605529,42.051748121984055],[-73.828631893929483,42.050418954059339],[-73.827659719050828,42.050056098711771],[-73.826363190118329,42.049572159866159],[-73.825292140097531,42.049178094615549],[-73.824664190618194,42.04894257575301],[-73.823695266182298,42.048585309484956],[-73.822697388883938,42.048224475002748],[-73.821663840002415,42.047836718338147],[-73.82152353134687,42.047784474324999],[-73.821285749417427,42.047695935669203],[-73.820608857668574,42.047454858245487],[-73.819587911041495,42.047085597152176],[-73.818711385204324,42.046768559293291],[-73.81749291793497,42.046338894689619],[-73.817485185701031,42.04633616803622],[-73.816644268621758,42.046037387820185],[-73.815950655657034,42.045791402864971],[-73.815385762035405,42.045591448432894],[-73.814930543980438,42.045430745196533],[-73.814566416260348,42.045302526915464],[-73.814274561303606,42.04520001455645],[-73.814036162548106,42.045116269328979],[-73.813960666537994,42.045089716413244],[-73.813832645215143,42.045044687926499],[-73.813647486804527,42.044979361758728],[-73.813474258027966,42.044918204307187],[-73.813349478649229,42.044873922106881],[-73.813309292802288,42.044859660139167],[-73.813263909787949,42.044843532327292],[-73.813148461003721,42.04480250313658],[-73.812988083778194,42.044745347908567],[-73.812824040943454,42.044687151224302],[-73.812652190743705,42.044626342731853],[-73.812535113270826,42.044584961936216],[-73.812469327217386,42.044561712085631],[-73.812272007892489,42.044492552628498],[-73.812063216616735,42.044419226608269],[-73.81184616066156,42.044343463072302],[-73.811733743909073,42.044304193078119],[-73.811683904049119,42.044286783717475],[-73.81162428879297,42.044265960557233],[-73.811500260056377,42.044222577554386],[-73.811495399398453,42.044220878144955],[-73.811401732728967,42.044188114588501],[-73.811181697242262,42.044111134595845],[-73.81096808765534,42.044036241794949],[-73.810764120255058,42.043964478267405],[-73.810677664243187,42.043933975594562],[-73.810572543655667,42.043896888473633],[-73.810391751670934,42.043832776743884],[-73.810219225429819,42.043771277618845],[-73.810052197016134,42.043711858077408],[-73.809888390760932,42.04365331290515],[-73.809725042309211,42.043595114490365],[-73.809559626185987,42.043536043290516],[-73.809389388726643,42.043475583482298],[-73.809290118803361,42.043440376078109],[-73.809284530118177,42.04343839432638],[-73.809212044166998,42.043412686398952],[-73.809091905298985,42.043370167042681],[-73.809025978289398,42.04334683540052],[-73.808830045095959,42.043277675406067],[-73.808622641949427,42.043204524154881],[-73.808535996816502,42.043174035918611],[-73.808402388542646,42.043127023208406],[-73.808290203206539,42.043087494662203],[-73.808168141528625,42.043044484238443],[-73.807918292103267,42.042956558111918],[-73.807651700740635,42.042862548401466],[-73.807367669973331,42.042762285627049],[-73.807068265598673,42.042656635032245],[-73.807036536693701,42.042645408371861],[-73.806756941486043,42.042546471804783],[-73.806613888533164,42.042495714823204],[-73.806436672377103,42.04243283370117],[-73.80611044171647,42.042316936925694],[-73.805928609074186,42.042252161582518],[-73.805781227197954,42.042199657213587],[-73.80545201917694,42.042082030779419],[-73.805126262055964,42.041965104903909],[-73.804806237975157,42.041849921106675],[-73.804493105549753,42.041736480697644],[-73.804187083699858,42.041625476804931],[-73.804166981081877,42.041618134269136],[-73.803888875986004,42.041516563767487],[-73.803598924877221,42.041410432546421],[-73.803317466662875,42.04130691364599],[-73.803187936460134,42.04125907457847],[-73.803045187070978,42.04120635382192],[-73.802782547220758,42.041109092987917],[-73.802529544928092,42.041014792546811],[-73.802284112608532,42.040923272471439],[-73.802044190410712,42.040833491784291],[-73.801807024198041,42.040744580567484],[-73.801570545313353,42.040655840855315],[-73.8013324622939,42.040566409321997],[-73.801090019875105,42.040475415976189],[-73.800841158354828,42.040382333108802],[-73.800584493771197,42.040286294208713],[-73.800322554141928,42.040188691920918],[-73.800166439519899,42.04013051319437],[-73.800059238187302,42.040090563982012],[-73.799951562751971,42.040050583593384],[-73.799945821596836,42.04004845298838],[-73.799797752053934,42.039993474099845],[-73.799542238231908,42.039898470732858],[-73.799296122764758,42.039807112747837],[-73.799254102345458,42.039791546856812],[-73.799231601954588,42.039783211982709],[-73.799063082558604,42.039720787840686],[-73.79884678401767,42.039640541380486],[-73.798649297140585,42.039567245334823],[-73.798466033251344,42.039499159456575],[-73.798291257597484,42.039434199125814],[-73.798257653319411,42.039421678698247],[-73.798118316100471,42.039369763897177],[-73.79794170534916,42.039303936313651],[-73.797754776498337,42.039234292433342],[-73.797620957523861,42.039184255030143],[-73.797616528120642,42.03918259917954],[-73.797551793238924,42.039158392612485],[-73.797421355022479,42.039109511695592],[-73.797326565079956,42.039073987840396],[-73.797181287338887,42.039019585124969],[-73.797075186305676,42.038979852705857],[-73.796803400030029,42.038878079092548],[-73.796679392576991,42.038831583901278],[-73.796519455804372,42.038771616500036],[-73.796383984399654,42.038720894753553],[-73.796381680980474,42.03872003209996],[-73.796230928084114,42.038663586649463],[-73.795946069307021,42.038556775305857],[-73.795672909208037,42.038454303718623],[-73.795419244152441,42.038359297966664],[-73.795193105607467,42.038274713735341],[-73.794999758704947,42.038202460888208],[-73.794831871913019,42.038139926398408],[-73.794680035751455,42.038083473839947],[-73.794534166242656,42.038029105690669],[-73.794499443974502,42.038016239182888],[-73.794384167568353,42.037973518643192],[-73.794220636792261,42.037912550201106],[-73.794033485494211,42.03784289702336],[-73.793812849852671,42.037760564559726],[-73.793680363273722,42.037711056235857],[-73.793552078155244,42.037663118511546],[-73.793470177433377,42.037632515671305],[-73.793256445886286,42.03755264952364],[-73.792934901100665,42.037432279392696],[-73.792688365392607,42.037339934633181],[-73.792595929234281,42.037305310658098],[-73.792406456129982,42.037234364100861],[-73.792248013370738,42.037175036016507],[-73.791900328083102,42.0370445907255],[-73.791560904213611,42.036917273734609],[-73.79123891142828,42.036796209649502],[-73.790941001977899,42.036684179626157],[-73.790666481911373,42.036581004517181],[-73.790413297499612,42.036485647823355],[-73.790178687545492,42.036397240280657],[-73.79002536349644,42.03633960315446],[-73.789960587564593,42.036315253175268],[-73.789881872893829,42.036285712600588],[-73.789756479963529,42.036238653136557],[-73.789564063298684,42.036166732379662],[-73.789380819916985,42.036098463794239],[-73.789331533395995,42.03608018505173],[-73.7892046828063,42.036033139328879],[-73.789085229351997,42.035989041855572],[-73.789032902549664,42.035969723990178],[-73.788862953757402,42.035907347246919],[-73.788692775447572,42.0358447958073],[-73.788519618762308,42.035781199454917],[-73.788419037348689,42.035744275061461],[-73.788341185368822,42.035715694514373],[-73.788154960186901,42.035647062856604],[-73.788034167918823,42.03560248091901],[-73.788005564546836,42.035591925963629],[-73.787958182262386,42.035574438590153],[-73.787750173806927,42.035497128213699],[-73.787533906229982,42.035416690544167],[-73.787314205227716,42.035334691403513],[-73.787095882223383,42.035252873024426],[-73.786883751934525,42.035173310047057],[-73.786682171124454,42.035097570648325],[-73.786579328921903,42.035058812256231],[-73.786574984307308,42.03505717488887],[-73.786495964398895,42.035027395499476],[-73.786329932342184,42.034964516037498],[-73.786186606825908,42.034910148874005],[-73.78606117023854,42.034862558037496],[-73.785993750656019,42.034836923264713],[-73.785946512586619,42.03481896284984],[-73.785835984467099,42.034776759494861],[-73.785722473779487,42.034733853499198],[-73.785599096086131,42.034687298963469],[-73.785458748194003,42.034634664609172],[-73.785400807284105,42.034613055689746],[-73.785294777767405,42.034573509479031],[-73.785102371950742,42.034501927204431],[-73.784885196347958,42.03442131011554],[-73.784649439543884,42.034333912164215],[-73.78440084463324,42.034241652088156],[-73.784146060641277,42.034146959923248],[-73.784083261275597,42.034123534512688],[-73.783890362753581,42.034051577525474],[-73.783640403460666,42.033957935974634],[-73.783401688873099,42.033867950797486],[-73.783176960694774,42.033782664354014],[-73.782954301935177,42.033697727249219],[-73.782846515067277,42.033656546194052],[-73.782841786058398,42.033654740692164],[-73.782717891023594,42.033607407525892],[-73.78259475505989,42.033560569524312],[-73.782452123557377,42.033506314037759],[-73.782141639075761,42.033388881540567],[-73.781948725269558,42.033316437484906],[-73.78177060857243,42.033249549515077],[-73.781323437606972,42.03308257681693],[-73.78096904379548,42.032950995948497],[-73.780784764679595,42.032882575650262],[-73.77877079614494,42.032123530915655],[-73.7763369737376,42.031206177179222],[-73.772606775932388,42.029835311300275],[-73.770535799845234,42.029075828530203],[-73.756764451591494,42.024024092551905],[-73.756269540863329,42.023834488053467],[-73.755910026365271,42.023697307451663],[-73.755884198149928,42.023687451858137],[-73.755743448887941,42.023633924820892],[-73.755593070747992,42.02357673477615],[-73.75551507787884,42.02354729284621],[-73.755509296034546,42.023545109141956],[-73.755379878072233,42.023496252765142],[-73.755277342190368,42.02345796500736],[-73.755229491276282,42.023440096986405],[-73.755168731597166,42.023417715420194],[-73.755125635950009,42.02340184071511],[-73.755052727104697,42.023375576137923],[-73.754995174792597,42.023355221488892],[-73.754939227312377,42.023335386778513],[-73.754882366279389,42.023315202588257],[-73.754823211219659,42.023293981160663],[-73.754761538762651,42.02327171826736],[-73.754696194992732,42.023248062742695],[-73.754626958568878,42.023222844659401],[-73.754552681318415,42.023195542688676],[-73.754472894608995,42.023166156238055],[-73.754410540201846,42.023143013935169],[-73.75438715714246,42.023134336461794],[-73.754296145772528,42.02310043293663],[-73.754201465563355,42.023065137652765],[-73.754104037317617,42.023028801939958],[-73.754005233730368,42.022991769427904],[-73.753906199480724,42.022954740630908],[-73.753808546448639,42.022918057281359],[-73.753712953804154,42.022882072604055],[-73.753692553081251,42.022874451403332],[-73.75362079616599,42.022847649035313],[-73.753532541586097,42.022814445820821],[-73.753448178853887,42.022782974411705],[-73.753368631520402,42.022753072825964],[-73.753293674046375,42.02272490884468],[-73.753223984224377,42.022698658259841],[-73.753159799013829,42.022674494777043],[-73.753139060142914,42.022666630233957],[-73.7531385673675,42.022666442950921],[-73.753101115795076,42.022652242752194],[-73.753048392696044,42.022632254818532],[-73.753000943310113,42.022614176779534],[-73.752957850036111,42.022597494312556],[-73.75291819839029,42.022582028165182],[-73.752881061638689,42.022567607956653],[-73.752869659467009,42.022563090730038],[-73.752845537853347,42.02255353579892],[-73.752823812033284,42.022544754429425],[-73.75281116534029,42.022539640958364],[-73.752776556150465,42.022525743535454],[-73.752741264976464,42.022511328927955],[-73.752705056300258,42.022496396376873],[-73.752667702145814,42.022481115426032],[-73.752651477612986,42.022474341899134],[-73.752629436339816,42.022465140968379],[-73.752610477794207,42.022457163285274],[-73.752590252948494,42.022448653066625],[-73.75254969227548,42.022431811540514],[-73.75250821876655,42.022414275590933],[-73.752492020613658,42.022407451892349],[-73.7524916600279,42.022407299367138],[-73.752465367543351,42.022396222993699],[-73.752421145699216,42.022377476398169],[-73.752399158198799,42.022368185043021],[-73.752375546268823,42.022358206848779],[-73.752357317974273,42.022350505453183],[-73.752327886277612,42.022338070980084],[-73.752278162124284,42.022317067849784],[-73.75222591614741,42.02229519157877],[-73.752170691476024,42.022272272379006],[-73.752112255943445,42.022248138401338],[-73.752050614510452,42.022222783390333],[-73.752032070812746,42.022215217212192],[-73.751985071115811,42.022196039457654],[-73.751916317177432,42.022168250955303],[-73.751844588032782,42.022139243010677],[-73.751803528970882,42.022122768665945],[-73.751770561878303,42.022109541763385],[-73.751740282226024,42.022097305965168],[-73.751694475051821,42.022078797629007],[-73.751639904857569,42.022056894910691],[-73.75161701088777,42.022047706125939],[-73.751538408102093,42.022015919498905],[-73.751459109454146,42.021983958629349],[-73.751379818771994,42.02195165644887],[-73.7512998416166,42.021919009004414],[-73.751218716740382,42.021886008573794],[-73.751136450463065,42.021852147262031],[-73.751052117973742,42.021817589726886],[-73.750965726029136,42.021781991091878],[-73.750876584976155,42.021745350150802],[-73.750833513138375,42.021727692626442],[-73.750784233213821,42.021707492552387],[-73.750723095061446,42.021682272899476],[-73.750688673864801,42.021668074278168],[-73.750649887380987,42.021652154736337],[-73.750589677974816,42.021627438673654],[-73.750549615415437,42.021610996344101],[-73.750547251310891,42.02161002673526],[-73.750487703357408,42.021585584409806],[-73.750431680230776,42.021562546702896],[-73.750382979343456,42.021542520280164],[-73.750275735835515,42.021498410895987],[-73.750166196703901,42.021453605434843],[-73.750099345533087,42.021426247257615],[-73.750054594803231,42.0214079326025],[-73.749941159961551,42.021361560614167],[-73.74989034780711,42.021340807586078],[-73.749826353667856,42.021314670116332],[-73.749759525075149,42.021287284067327],[-73.749711084497861,42.021267432217627],[-73.749653564942335,42.021243986950751],[-73.749596046672423,42.021220539867784],[-73.749547340176179,42.021200703064636],[-73.749546170660111,42.021200226492255],[-73.749482612686634,42.021174343060586],[-73.749371242763843,42.021128839610725],[-73.749263079373762,42.021084899384711],[-73.749159045359164,42.021042518939886],[-73.749060275394214,42.021002225821569],[-73.748966777277218,42.02096436057063],[-73.748876719484173,42.020927712586825],[-73.748786886638371,42.020891239907812],[-73.748694537951806,42.020853721103975],[-73.748596915729351,42.020814120084424],[-73.748491274007577,42.020771049626461],[-73.748374630976059,42.020723632388318],[-73.748343892164485,42.020711164625972],[-73.748337750868004,42.020708674025094],[-73.748244012604275,42.020670656960696],[-73.748179865222355,42.020644518702966],[-73.7480978123928,42.020611084445434],[-73.748053980310416,42.020593285191183],[-73.748002844700068,42.020572520594079],[-73.747937399140085,42.02054594924126],[-73.747878252132708,42.020521918827178],[-73.7477655338066,42.020476124413022],[-73.74766670175913,42.020436006844555],[-73.747665878520152,42.020435673630843],[-73.74758495970022,42.020402827790917],[-73.747471070694928,42.020356700585104],[-73.747397967144806,42.020327093949135],[-73.747339348177164,42.020303380642211],[-73.74733610913384,42.020302070882401],[-73.747207310024635,42.020249968839948],[-73.747015731594004,42.020172669439148],[-73.746825758487915,42.020096063628593],[-73.746639450184006,42.020021188929526],[-73.746457720058004,42.019948399380745],[-73.74628080271016,42.01987786328467],[-73.746109154668233,42.019809580247419],[-73.745995395937484,42.019764430196211],[-73.745943235010969,42.01974372733126],[-73.745886054430287,42.01972111967526],[-73.745783272118516,42.019680481781194],[-73.74562972501819,42.019619838731998],[-73.745526549417832,42.019579316995518],[-73.745526171870836,42.019579168766235],[-73.745482823590805,42.019562144766986],[-73.745342793627387,42.019507401479395],[-73.745210329520276,42.019455611983069],[-73.745085420587202,42.019406949110447],[-73.745039706599741,42.019389241608792],[-73.745038836364756,42.019388904259792],[-73.744968308577555,42.019361585750907],[-73.744859440594936,42.019319693436486],[-73.744809275546316,42.019300410578964],[-73.744759054216473,42.019281104567909],[-73.744667607452016,42.01924598899442],[-73.744664349147712,42.019244742894067],[-73.744584863433133,42.019214352252064],[-73.744545230392362,42.01919931662448],[-73.744511064111393,42.01918635732055],[-73.744444823063219,42.019161320774352],[-73.744384310695551,42.019138370603905],[-73.744327697484167,42.019116815824312],[-73.744273150279867,42.019095781676057],[-73.744218611034981,42.019074406246077],[-73.744162692600213,42.019052167295015],[-73.744103573626433,42.019028020861533],[-73.743891752239747,42.018927116795659],[-73.734955087310922,42.01525861815567],[-73.733708939272987,42.014746986149085],[-73.733251013430205,42.014602067769779],[-73.73280607377788,42.014421199553851],[-73.73236458006933,42.014241717734834],[-73.732301430673004,42.014216088688237],[-73.731927894239618,42.014064488506065],[-73.731498082921064,42.013890041824787],[-73.7310762939413,42.013718893016538],[-73.730664357541073,42.013551735190738],[-73.730263646042673,42.013389269924296],[-73.729875773312955,42.013232015050647],[-73.729502332561935,42.013080493596249],[-73.729384859186709,42.013032823612086],[-73.729142642275633,42.012934532437548],[-73.72879623735426,42.012794129254289],[-73.728632577086017,42.012727670213465],[-73.728462894882583,42.012658764729011],[-73.728141927286728,42.01252826924059],[-73.727832874410765,42.012402636891643],[-73.727535052954821,42.012281182019834],[-73.727468789458996,42.012254147715012],[-73.727247999452374,42.012164066191559],[-73.72697102953066,42.012050780239505],[-73.726702311529834,42.011940452809796],[-73.726439093794781,42.011832383349585],[-73.72630186298305,42.011775927673547],[-73.726289191130121,42.011770714632902],[-73.726179774186406,42.011725700307061],[-73.725921831126485,42.011619372402237],[-73.725819852756985,42.01157737910119],[-73.725663196804263,42.011512869623964],[-73.725495149719592,42.011443623055584],[-73.725401360667306,42.01140497433947],[-73.725134485223236,42.011294995138456],[-73.72506899542195,42.011268022981696],[-73.724960394513431,42.011223293055394],[-73.724860280157202,42.01118205813583],[-73.724578285150784,42.011065996048224],[-73.724287586135532,42.010946625735073],[-73.7239877228496,42.010823778096409],[-73.723866168163013,42.01077395769498],[-73.723678234836072,42.010696931872452],[-73.723358438913891,42.010566256812453],[-73.723027875969578,42.010431407279725],[-73.723006740015819,42.010422768231059],[-73.722983664756697,42.010413336651744],[-73.722978686920683,42.010411281841641],[-73.72297060808333,42.010407948741872],[-73.722686088076287,42.010292039443748],[-73.722550276177998,42.010236822648729],[-73.72254217844629,42.010233530738006],[-73.722332156560157,42.010148143878062],[-73.721966315521513,42.009999556458503],[-73.721588560441077,42.009846269815746],[-73.721269448424735,42.009716965529655],[-73.721198661912439,42.009688290282561],[-73.720986288277643,42.009602083093384],[-73.72097754494331,42.009598534400077],[-73.720796628128269,42.009525097255789],[-73.720382456027707,42.00935703371821],[-73.719955918295383,42.0091837619646],[-73.719517470713299,42.009005447256364],[-73.719066888643297,42.008821920331286],[-73.718907139869629,42.008756769992061],[-73.718734511517638,42.008686364509593],[-73.718667147062988,42.008658900340286],[-73.718656249437089,42.008654458300448],[-73.718605775276359,42.0086338789298],[-73.718246830529353,42.008487373188643],[-73.718136195185721,42.008442015160313],[-73.71765951154606,42.008247369079577],[-73.71747049227686,42.008170139032678],[-73.7171780218018,42.008050638156348],[-73.717000088050824,42.00797792096462],[-73.71699022574974,42.007973890224939],[-73.716768919504275,42.007883445937921],[-73.716693098378542,42.007852337531673],[-73.716461790093334,42.007757830602948],[-73.716270716013653,42.007679758719341],[-73.716206807104228,42.007653689023257],[-73.715720975544386,42.007455209317243],[-73.715238123331403,42.007257947050938],[-73.714763061751171,42.007063983483285],[-73.714302199881274,42.006875924911604],[-73.713861273748464,42.006696032449227],[-73.713445771750983,42.006526565413829],[-73.713193374825522,42.006423656592439],[-73.713062108526813,42.006370135817392],[-73.712716016306018,42.006228998631656],[-73.712413441000905,42.006105588687589],[-73.712158050439982,42.006001473171914],[-73.711947324416201,42.005915434368774],[-73.711878501073571,42.005887369830603],[-73.711869453653804,42.005883681033986],[-73.711775537415249,42.005845385419654],[-73.711763856298532,42.005840621409],[-73.71163788412575,42.005789242512336],[-73.711529540192501,42.005745091785563],[-73.711445252294709,42.005710677678785],[-73.711379976333816,42.005683910864299],[-73.711354758366681,42.005673657623859],[-73.711354663755372,42.00567361873464],[-73.711328669662478,42.005663050556208],[-73.711287214367275,42.005646189810484],[-73.71125331077873,42.005632455311996],[-73.711226283520929,42.005621505345651],[-73.711204750091326,42.005613153270289],[-73.711187795633904,42.005606717837892],[-73.711174044707803,42.005601842262095],[-73.711162816091417,42.005598175749867],[-73.711159103843826,42.00559717127765],[-73.711152491266162,42.005595379498452],[-73.711145953253563,42.005593782194182],[-73.711145785053418,42.005593739776494],[-73.711141711541188,42.00559274565714],[-73.711137133830221,42.005591903487989],[-73.711126331342626,42.00558991875225],[-73.711112332921985,42.00558767296539],[-73.711112115060132,42.005587638095747],[-73.7111019923681,42.005586014943908],[-73.71106410720013,42.005580493660247],[-73.711019640511211,42.005574214862683],[-73.711008531381324,42.005572645470465],[-73.710930450430865,42.005561932631068],[-73.710825274297378,42.005547467743845],[-73.710688862169178,42.005528721474683],[-73.710595331923315,42.005515800307158],[-73.710515707628389,42.005504800555464],[-73.710296395465591,42.005474453406237],[-73.710020824089924,42.005435738826009],[-73.709904443418154,42.00541925041216],[-73.709678433615323,42.005387229961208],[-73.709520016217965,42.005364586412277],[-73.709518435298676,42.005364359688045],[-73.709259347611308,42.005327327284725],[-73.708753239462396,42.005254427720494],[-73.708641406367235,42.005238211646933],[-73.708149774019589,42.005166762913888],[-73.707438855771926,42.005062728876304],[-73.706712246956556,42.004957432865524],[-73.705616010850648,42.004798563219722],[-73.702100645432168,42.004289030131268],[-73.691071759965936,42.002689705254909],[-73.690793475181678,42.002649336569526],[-73.685886301493213,42.001937358262801],[-73.685068627128672,42.001819726376347],[-73.684701298752799,42.00176687920483],[-73.684362286035565,42.001718200276237],[-73.684313745598601,42.001711231290741],[-73.683602167893056,42.001609052368252],[-73.682576513600381,42.001462091569294],[-73.682017448745995,42.001381982597259],[-73.681611939354383,42.001323874970772],[-73.680696271545585,42.001192785327135],[-73.679817116794055,42.001067042088351],[-73.678962531045443,42.000944692927007],[-73.678119892152111,42.000823946648687],[-73.677277717654022,42.000702853693461],[-73.676427281970575,42.000580509176721],[-73.675560551441293,42.000455661986585],[-73.675170797828457,42.00039941473996],[-73.674669490000326,42.000327067040203],[-73.67374629123151,42.000193649165581],[-73.672782686330748,42.00005416275237],[-73.671770642313106,41.999907526719703],[-73.670702122639852,41.999752665011101],[-73.66755954891525,41.999271063772277],[-73.666153219566681,41.999054827102832],[-73.664145699846415,41.998746119386396],[-73.66095055187435,41.998222353553238],[-73.65756215918374,41.997670604725002],[-73.656264514414403,41.997453876251583],[-73.654145281659538,41.997099893943734],[-73.652526674959091,41.996839054623607],[-73.650753273555097,41.996553239047479],[-73.648392362971478,41.996172046928088],[-73.648350891692957,41.996165349534508],[-73.647350772684391,41.996003852933555],[-73.646391218093584,41.995841020243653],[-73.643955520041573,41.995427649496101],[-73.64220208420501,41.995130924741559],[-73.642176437099366,41.995126584662479],[-73.642051656930818,41.995105457341261],[-73.641730060537043,41.99505100536377],[-73.640632144288759,41.994865159923201],[-73.637247647067653,41.994304774684707],[-73.633978012751157,41.99375836666664],[-73.633704504562374,41.99371135083269],[-73.633364605564751,41.993652922601186],[-73.631974833714168,41.993438456801854],[-73.630568101688937,41.993219582951426],[-73.629599387918859,41.993068568379272],[-73.629596121029664,41.993068058338459],[-73.628825144986806,41.992947862750334],[-73.628823309599667,41.992947594949051],[-73.628821474231842,41.992947326247339],[-73.628817342399316,41.99294661581618],[-73.628712172544979,41.992928308426237],[-73.628620227600692,41.992912303380407],[-73.628619708499983,41.992912189101197],[-73.628619424925773,41.992912126270717],[-73.628618622250855,41.992911949161012],[-73.625589435999558,41.992444302567357],[-73.622558149921318,41.991963013357946],[-73.620934184969485,41.991712656834963],[-73.620231809064194,41.991604366907303],[-73.620231007598534,41.991604191554806],[-73.620230204945315,41.991604015287386],[-73.620008558847502,41.991564218092236],[-73.620006951695444,41.991563951092921],[-73.620005342129474,41.991563684064545],[-73.619551351678922,41.991491921367988],[-73.619058883966403,41.991414075748629],[-73.618591917973802,41.991341397505956],[-73.614403172213528,41.990689370290418],[-73.611534610897323,41.990267464780047],[-73.609762486784533,41.989987040826911],[-73.607449538868096,41.989635935127403],[-73.600064518240131,41.988491515857447],[-73.600064287723399,41.988491513045823],[-73.600064055999766,41.988491510219504],[-73.599825394396191,41.988454484582803],[-73.597257454611224,41.988056438400278],[-73.593664157187533,41.987525676548422],[-73.593409811271428,41.987493335877879],[-73.589496572513127,41.986883544076932],[-73.588551544399692,41.986741579841429],[-73.587690123419762,41.986604109492447],[-73.58767200841524,41.986601217995108],[-73.586668359346277,41.986441040012586],[-73.58644785401377,41.986405301722705],[-73.586170107661275,41.986363482011527],[-73.585357349916933,41.986241101993848],[-73.582000902754586,41.985721804236107],[-73.578903096357848,41.985243902578809],[-73.576422184782032,41.984856767774644],[-73.575719275616905,41.98475512044412],[-73.575302512973536,41.984694851459722],[-73.574109621150697,41.98451354432607],[-73.570187288052963,41.983917293742273],[-73.565440821665447,41.983180654882304],[-73.561744047391429,41.982606777787453],[-73.560542764612791,41.982413469466607],[-73.556274782313821,41.981784204901174],[-73.551078057467109,41.981064228478857],[-73.549579911639654,41.980856622827986],[-73.541756135908955,41.979827432508024],[-73.539418915328895,41.979519869526762],[-73.533498865690035,41.978725683547317],[-73.53022154755233,41.978236112688684],[-73.527372014628554,41.977810363855511],[-73.527371858710396,41.977812520685241],[-73.527368891155675,41.977853669704587],[-73.527231606593233,41.979757609190059],[-73.527028763141757,41.982207467547504],[-73.526638378795198,41.986801306765948],[-73.526296456584674,41.991048507648571],[-73.526216422459456,41.992106186954764],[-73.526111598949868,41.993378597049293],[-73.526025359343222,41.994356600614417],[-73.525912730373307,41.995633806549904],[-73.525567703742553,41.999404929195556],[-73.525428990310928,42.000920912507141],[-73.525143111580263,42.005076404750582],[-73.524784502492665,42.010288157293786],[-73.524229680104355,42.017866976815831],[-73.523611313934765,42.026054029933235],[-73.5231331961173,42.032010520321158],[-73.522922382358857,42.03420721679543],[-73.522740640130294,42.036100874997196],[-73.522389038376019,42.039681093435938],[-73.522180156153283,42.041802556677283],[-73.522130877929129,42.042303024654466],[-73.521855406661857,42.045100514844833],[-73.521371957017024,42.049889493967157],[-73.521369710485999,42.049911744742616],[-73.521353729772287,42.049911534315612],[-73.519450860624403,42.04988650131434],[-73.519450767628356,42.049886499213841],[-73.519443354938559,42.049886313509134],[-73.518917158353048,42.049873113287177],[-73.518912925797679,42.049873200956277],[-73.51858915835146,42.049879876855954],[-73.513451879534941,42.049837032664797],[-73.513404039698344,42.049836632655627],[-73.51289415122784,42.049832992507362],[-73.512770793601675,42.049832148501864],[-73.512648298605228,42.049831311041729],[-73.509707838527461,42.049811165217207],[-73.509705983964935,42.049811152839446],[-73.506743228592498,42.049790778347784],[-73.50670523505093,42.049790464949211],[-73.496906833338883,42.049709108546018],[-73.496904014763956,42.04970908513495],[-73.496890877542015,42.049708975192942],[-73.493225041618501,42.049678287602063],[-73.487335047561032,42.049628701223483],[-73.487335049730476,42.049628660723911],[-73.487554633678087,42.044344725432438],[-73.487555088183456,42.044335498196141],[-73.487555089016439,42.04433546308266],[-73.487808837154503,42.039187882138066],[-73.488073618689057,42.034218403033208],[-73.488409088940585,42.028096536962387],[-73.488562402309185,42.025002392817598],[-73.488695722864364,42.022789497855051],[-73.488696512047582,42.022766327830745],[-73.488740541959189,42.021474160202374],[-73.488741399391074,42.021458968854546],[-73.488762264014881,42.021089678071696],[-73.488764358188533,42.021052611387113],[-73.488808768221531,42.020266531562534],[-73.488979927940761,42.017227914737326],[-73.48900577450236,42.01674748022932],[-73.489006732145413,42.01672968195949],[-73.489046770478396,42.015985457482486],[-73.489196938424527,42.01293210213084],[-73.489212284323841,42.012641998170132],[-73.489212303969737,42.012641627368538],[-73.489212328225292,42.012641163862575],[-73.489221736201003,42.012463293184297],[-73.489226053120021,42.012381678935498],[-73.489330437079659,42.010408207077546],[-73.489416324213124,42.008784319973195],[-73.48943148928889,42.008618256574614],[-73.489437419093449,42.008553320687064],[-73.48944564048432,42.0084632936261],[-73.489567532895236,42.00625151817156],[-73.489594574170383,42.005760837461281],[-73.489774613613648,42.002583006367594],[-73.489877721442454,42.000665397371023],[-73.489976095050622,41.999572381534243],[-73.490176515635952,41.997157910100228],[-73.490268491373214,41.995964326346702],[-73.490368505539791,41.99466636903005],[-73.490393823289921,41.994303193424791],[-73.490414730700508,41.994003292392776],[-73.490520431246907,41.99260484984886],[-73.490638428973242,41.991043602327181],[-73.49065314902839,41.990848844490124],[-73.490886249353096,41.988078375181679],[-73.491089628685856,41.985433236695002],[-73.491157004803483,41.984614177373352],[-73.491299117462347,41.982886461575688],[-73.491335165352268,41.982448181535055],[-73.491376579528733,41.981944659649976],[-73.491379508996616,41.981909031160306],[-73.491381902499484,41.981876573070174],[-73.491630559913744,41.978503228064497],[-73.491854206521609,41.97570002815133],[-73.491877216202226,41.975411602426981],[-73.492000978761439,41.973820916193553],[-73.492001795994412,41.973810423697003],[-73.492003272211463,41.973791439642383],[-73.49204624479249,41.973239068656042],[-73.492954884862073,41.963528562231737],[-73.493471138808374,41.95771078341928],[-73.494007745499786,41.951577042233787],[-73.49452305918706,41.945814808519458],[-73.494896903134872,41.941304743976687],[-73.494913820091369,41.941100646063589],[-73.495005407468554,41.940063250335456],[-73.495115307725612,41.938818355787483],[-73.495190838871679,41.937962737409258],[-73.495457588370201,41.935046002372417],[-73.495612717963624,41.933311904812271],[-73.495613621066809,41.933301808725126],[-73.495926808765773,41.929800528603089],[-73.496131517494049,41.927506683025207],[-73.49623386425408,41.926359759660969],[-73.496581499138941,41.922535086136293],[-73.496589274153081,41.922493271031207],[-73.496612733259099,41.922367095241952],[-73.496612869630368,41.922366372008447],[-73.496612891646052,41.922364407089027],[-73.496613199102839,41.922336827956578],[-73.496614574154364,41.922213237817346],[-73.496615504476949,41.922129698947444],[-73.496616824591783,41.922115437406127],[-73.496627215585278,41.92200323960725],[-73.496645173474377,41.92180933889172],[-73.496662825444901,41.921618754840011],[-73.496993203218707,41.918390312661018],[-73.497159910565458,41.915858407007512],[-73.497162373092578,41.915831676543114],[-73.497206995699869,41.915347458137532],[-73.497368046849758,41.912842607012955],[-73.497495857852186,41.911107105195413],[-73.497770985861308,41.906842981712444],[-73.497780316603468,41.906695613767823],[-73.497792420805467,41.906504416070035],[-73.497850505819102,41.905586859556976],[-73.497998057022642,41.903549971906969],[-73.498189432677734,41.900633180998881],[-73.49839007691881,41.897638070243474],[-73.498589997647557,41.894679146151617],[-73.49871328298866,41.8925148881453],[-73.49871349384351,41.892511186530484],[-73.498715626783067,41.892473746494957],[-73.498757525738398,41.891738163634109],[-73.498800009915783,41.8909608125754],[-73.498935847689793,41.890171620697231],[-73.499026842090032,41.889521156677013],[-73.49913569059747,41.88874305068461],[-73.499164632510997,41.888536155168687],[-73.499330952288048,41.887348450261072],[-73.499582137762459,41.885554615435666],[-73.499635124124467,41.885159826709497],[-73.499722168996499,41.884511263462763],[-73.500094871434356,41.881846536437315],[-73.500220667502276,41.880290243731899],[-73.50043059188323,41.877998407946045],[-73.500623457536165,41.875958750479576],[-73.500820335068397,41.873626512456688],[-73.501014709466006,41.87148601109039],[-73.501223817052292,41.869234645881022],[-73.501225054523232,41.869220309224758],[-73.501240857159829,41.869037287511375],[-73.501292368330738,41.868440674553412],[-73.501361343286135,41.867641789237481],[-73.5014144471766,41.86702670825445],[-73.501600615475169,41.864825600352162],[-73.50172076630281,41.863539230367074],[-73.501751237248769,41.863232108639288],[-73.501849782868533,41.862238818259705],[-73.502163104865517,41.859080472881125],[-73.502347239021745,41.857224190523276],[-73.502566292864529,41.854905137620811],[-73.502681696204661,41.853808368859568],[-73.502792825103413,41.852752169916336],[-73.502866046400371,41.851974911213105],[-73.503017258626357,41.850369689156175],[-73.503240074481951,41.848128356572282],[-73.503372554035352,41.846796174137239],[-73.503372985126902,41.846791839491772],[-73.503462603076514,41.845890623371382],[-73.503570773404363,41.844676386841364],[-73.503667307979754,41.843592729609369],[-73.503856367144778,41.841386483375587],[-73.5040749875714,41.839092286373813],[-73.504295002826296,41.836688501531718],[-73.504345060050781,41.8361153045756],[-73.504437449799923,41.834838500778361],[-73.504552300300773,41.832762412330787],[-73.50467733885435,41.830571478475214],[-73.504733294024192,41.829716951116907],[-73.504749267069087,41.829473002107477],[-73.504798712814917,41.828717847806452],[-73.504825547869416,41.828307986507596],[-73.505005680587914,41.826327976480329],[-73.505015246314557,41.826222826502743],[-73.505079850156861,41.825478958808269],[-73.505165227495468,41.824495856101414],[-73.505176401226848,41.824357274696801],[-73.505296233319953,41.822870973735931],[-73.505327340208765,41.822595420819056],[-73.505379598849061,41.82213247798763],[-73.505400544983942,41.821946894835285],[-73.505457129821707,41.821306021516747],[-73.505457188630544,41.82130535669404],[-73.505457280329651,41.821304313121331],[-73.505503636720093,41.820779249522843],[-73.505696497287815,41.818782787885347],[-73.505767499043714,41.818027230459862],[-73.505880083508089,41.816829135489101],[-73.505936402563336,41.816212334385796],[-73.505936727415943,41.816208770192389],[-73.506028747755181,41.815200947482673],[-73.506203031602155,41.813273468071301],[-73.506377490768358,41.811349422458271],[-73.506555324490847,41.809500865591843],[-73.506640501848722,41.808688820176293],[-73.506731388153966,41.80769385311924],[-73.506731752800277,41.807689867025061],[-73.50673205971313,41.807686500736651],[-73.50693317058969,41.805484713913437],[-73.507313169770143,41.801278874957084],[-73.507506000516472,41.799030911740736],[-73.507668184884608,41.79714008395279],[-73.508047913995398,41.792964762846694],[-73.508067245382762,41.79275397831222],[-73.508088097206425,41.792526617867992],[-73.508436392650836,41.788728610288835],[-73.508814765170627,41.784650868145029],[-73.509132227121086,41.781263564908528],[-73.50922107028002,41.780033888773779],[-73.509252974049559,41.779552381337069],[-73.509253534574952,41.779543923245647],[-73.509267828968561,41.779328170320092],[-73.5092764568126,41.779197928799547],[-73.509309739801068,41.778695586940557],[-73.509342130468625,41.778206702922155],[-73.509342876344519,41.778195436252446],[-73.50934402728258,41.778178058410639],[-73.509382111518832,41.777603229127202],[-73.509534901637039,41.775967698157899],[-73.509536309631912,41.775952620344505],[-73.509537437484497,41.775940547124513],[-73.509614433249794,41.775116306175626],[-73.509688847599691,41.774194973836131],[-73.509800926882875,41.77280726436468],[-73.509846710764236,41.772613088934492],[-73.510025603058978,41.770072781680582],[-73.510187059493802,41.76803524592556],[-73.510386522070007,41.765568149882519],[-73.51038970572327,41.765525127490932],[-73.510392416334341,41.765488511726439],[-73.510394057941596,41.765466330627945],[-73.510549892274511,41.76336064727824],[-73.51062626991849,41.762405686227915],[-73.510730371708874,41.761104041165801],[-73.51085821041309,41.759147558994897],[-73.510930324768736,41.758145918610467],[-73.510964576384353,41.757670159492065],[-73.51124799826367,41.75427079011417],[-73.511284269774137,41.753835691415574],[-73.511318169916564,41.753281469867787],[-73.511409370048682,41.751790384389999],[-73.51148686160991,41.750523355504981],[-73.511722857683736,41.747666397342911],[-73.511816176059099,41.746536615885219],[-73.512282032348523,41.740563064350987],[-73.512293615265008,41.740376792243971],[-73.512375325732734,41.739062735867435],[-73.512672768081231,41.735334676253963],[-73.512993732740455,41.73131123301205],[-73.513248385544259,41.728014083014905],[-73.513258031267043,41.727889183420295],[-73.513371397787594,41.726421228714088],[-73.513562899398949,41.723764157779044],[-73.513665887656217,41.722579913482377],[-73.513805523154801,41.720974175570248],[-73.513967340316128,41.719011728506402],[-73.514521990174842,41.712590239592046],[-73.515144218653219,41.705504567318712],[-73.515327844120193,41.703404946069654],[-73.515428161148435,41.702257817209833],[-73.515501633101579,41.701417649986816],[-73.515577825146195,41.700546333543194],[-73.515577827238246,41.700546294841033],[-73.5155778333489,41.70054623817726],[-73.515651279300315,41.699706324266366],[-73.515661937646826,41.69958443800703],[-73.51566361242854,41.699565284193014],[-73.515663656298969,41.699564787585111],[-73.515665120592772,41.699548044870753],[-73.515714798514239,41.698979915194606],[-73.51585569167159,41.697443744858752],[-73.516181508065472,41.693891025290725],[-73.516352199335586,41.692226708986873],[-73.516450877153787,41.691264504188688],[-73.516543632574027,41.690110854274153],[-73.516591384070765,41.689516928159932],[-73.516597546681012,41.689440282372018],[-73.516666465076568,41.688583052518197],[-73.516741623314857,41.686962853674352],[-73.517210448481777,41.680061295346114],[-73.517617330928474,41.673744700406154],[-73.517772204950248,41.671550624670338],[-73.517826071909056,41.670731360197941],[-73.517895613331405,41.669673646427206],[-73.51796508210019,41.668446019367721],[-73.518027371631234,41.667351616806229],[-73.51808337066926,41.666375350327087],[-73.518134405338373,41.66550248119551],[-73.518181123914459,41.664717912452694],[-73.51822462154469,41.664006905055416],[-73.518225681798526,41.663990106558145],[-73.518225955703286,41.663985757083942],[-73.518265779499444,41.663354717190522],[-73.518305699542424,41.662746257710232],[-73.518321885802024,41.662509740465246],[-73.518345227902444,41.662168670363627],[-73.518384437727576,41.661616463729537],[-73.518401064462026,41.661389936194141],[-73.518401745685907,41.661380654416909],[-73.518423370654403,41.661086043720275],[-73.518441253559487,41.660848035115798],[-73.518461844983335,41.660573970086361],[-73.518500357536865,41.660076648300787],[-73.518538272498262,41.659590642164446],[-73.51857609062418,41.659112184266775],[-73.518613402215024,41.658637666588824],[-73.5186372855798,41.658334658018376],[-73.518643048290443,41.658261552554308],[-73.518650696133165,41.65816452037555],[-73.518687510887844,41.65769291621281],[-73.518723834655191,41.657224051860233],[-73.518743112124923,41.656973658593117],[-73.518759654969699,41.656758786411949],[-73.51877419300429,41.656567925865865],[-73.518794728189931,41.656298319143687],[-73.518811353338279,41.656079418325206],[-73.518812584692427,41.656063209251975],[-73.518829270123931,41.655843505787828],[-73.518831340470456,41.655816049861912],[-73.518848584752504,41.655587308005849],[-73.518849692492111,41.655572614091724],[-73.518863041818634,41.655395551085455],[-73.518872798441095,41.655264422657247],[-73.518872961353821,41.655262239694238],[-73.518895799253158,41.65495530484295],[-73.518927762859903,41.654523630959204],[-73.518958735910189,41.654097952742106],[-73.518977873796771,41.653832956488657],[-73.518989205367731,41.653676044570517],[-73.518999069191153,41.653536541098212],[-73.519018975081281,41.653254989299008],[-73.519048535066943,41.652832217281841],[-73.519063532399954,41.652612516226661],[-73.51907769844253,41.652404982621647],[-73.519106721049923,41.651970714454379],[-73.519135858697084,41.651526842815265],[-73.519153091461988,41.651258959487095],[-73.519165142333776,41.651071648691328],[-73.519194304560187,41.650608049559189],[-73.519223057406094,41.650140333476024],[-73.519251351185673,41.649672609632162],[-73.519262802827654,41.649478294523973],[-73.51927868354197,41.64920882827019],[-73.51930499877858,41.648753100307374],[-73.519330016892468,41.64830936894657],[-73.519353458105641,41.647882092587622],[-73.519357702900123,41.647802816612405],[-73.519358206829907,41.6477933965201],[-73.519375280202766,41.647474532977839],[-73.519395223730541,41.647088741245788],[-73.51941328110847,41.646725575653392],[-73.519417882380424,41.646631668094756],[-73.519429892351795,41.64638658925432],[-73.519444584748115,41.646072972976079],[-73.519448248043219,41.645993383248381],[-73.519448497072005,41.645987961620214],[-73.519448733438892,41.645982830750761],[-73.519457801797287,41.645785760220626],[-73.519469297206143,41.645526322267528],[-73.519473961441022,41.645418747575853],[-73.519479280843484,41.645296036272704],[-73.519480809358782,41.645259854656594],[-73.519487767317983,41.64509489522267],[-73.51948816893831,41.645085535954884],[-73.519495457640645,41.644919135173993],[-73.519496096310817,41.644906187920895],[-73.519503127525311,41.644763616894842],[-73.519511751392457,41.64462354237051],[-73.519521837850391,41.644494109386081],[-73.519534142050716,41.64437018384627],[-73.519549870124507,41.644246968016581],[-73.519569539582093,41.644119322036325],[-73.519924596198138,41.640940375485016],[-73.52002824381691,41.640170444281488],[-73.520299059317011,41.63754183779853],[-73.520705423904303,41.633583834953171],[-73.520822319290176,41.632157908141984],[-73.520913817794153,41.630404700275619],[-73.520972607973022,41.629183173852219],[-73.520978126000188,41.629068513256364],[-73.521101509636651,41.62650466613438],[-73.521102012707246,41.626490009379239],[-73.521164097177248,41.624680540544126],[-73.52125750357898,41.621957919249631],[-73.52125879408662,41.621928969650568],[-73.521305879897838,41.62087267102811],[-73.521438081085293,41.619787682240258],[-73.521500485938731,41.619241114533068],[-73.52174250648153,41.616690509210358],[-73.521806600605146,41.616015249482132],[-73.521854369685968,41.615511977471499],[-73.521882739384154,41.61521308039913],[-73.521883144179114,41.615208809122088],[-73.521924082982451,41.614777479271879],[-73.52194683655992,41.614537749304475],[-73.521953327426047,41.614480555999904],[-73.521962392141077,41.61440068125323],[-73.522079660388385,41.613367332374267],[-73.522247952134535,41.611764063503955],[-73.522376529358723,41.610539064065314],[-73.522492822079101,41.60933696673451],[-73.522798018958298,41.606534139788259],[-73.52292314270035,41.605300200796023],[-73.523276349338474,41.602035446369769],[-73.523327017275676,41.601345750001151],[-73.523495642440679,41.599560851727723],[-73.523648020864641,41.59794782968558],[-73.523936674982522,41.595083500226735],[-73.523943979160919,41.595011018763827],[-73.524023592695102,41.594220958363586],[-73.524097640153556,41.593390573385236],[-73.524278632236332,41.591360821432374],[-73.524331671836691,41.590814580491347],[-73.524332353769822,41.590807554816998],[-73.52433268020377,41.590804179599608],[-73.524482074613289,41.589265505025345],[-73.526942609701777,41.561837827711315],[-73.527063074363227,41.560717335523996],[-73.529032059292589,41.542396751589393],[-73.529389834192841,41.539066534353019],[-73.52940107640238,41.538987660380776],[-73.529544337839255,41.53798252293042],[-73.529564080560391,41.537788493762768],[-73.530726438230303,41.526362992814725],[-73.53125879301578,41.526353097056301],[-73.532028403781226,41.526338787460695],[-73.532222399937012,41.52634014091673],[-73.534380584115752,41.526298363651222],[-73.534790747502981,41.526290717407576],[-73.535460234626711,41.526278235230016],[-73.537071993807032,41.5262513773473],[-73.538499805082083,41.526227565784325],[-73.539844429915902,41.526209228231146],[-73.541570180053583,41.526177029223263],[-73.548529816459293,41.526025031904062],[-73.548848516688622,41.52600079047766],[-73.552194377699465,41.52617791868991],[-73.55256289693034,41.52620369888426],[-73.553437992567424,41.526264913515156],[-73.555352508371143,41.526400474336057],[-73.555783288498233,41.526430974255341],[-73.556258395913844,41.526464610586316],[-73.557204220614338,41.526603410396874],[-73.559974668590556,41.527013660938024],[-73.560217982309865,41.527014264358037],[-73.560809571404278,41.527018236331152],[-73.561543122236159,41.527023158111824],[-73.562111452649702,41.527005869365063],[-73.563388829947868,41.527020081085112],[-73.564783781293585,41.527012766538917],[-73.565084879671772,41.527010961778807],[-73.56565030124294,41.527007568467674],[-73.565783327309532,41.527006408646351],[-73.565984724568139,41.527004653069937],[-73.566069231947395,41.527005380044976],[-73.566162516129523,41.527006183081411],[-73.566550258386826,41.526968428679325],[-73.566883035871683,41.526936023532969],[-73.569400094219716,41.526694948098566],[-73.570697027896401,41.526578503239335],[-73.572343760179209,41.526413068380556],[-73.57241844201026,41.526406604441021],[-73.572503928029079,41.526399204548525],[-73.573580919832025,41.526293449251249],[-73.573668920694573,41.526263327830968],[-73.575042997128691,41.526185421428167],[-73.576990565386055,41.526076794890152],[-73.577047063379339,41.526073367957771],[-73.577127565952793,41.526068485276809],[-73.578419743544913,41.525990118521399],[-73.578779935978957,41.525969324405402],[-73.578888080340576,41.525958501520236],[-73.579146705350624,41.525932618374718],[-73.579266498162539,41.52592761803497],[-73.579352689458062,41.525924020940586],[-73.579419179448166,41.525919564291847],[-73.579520583438068,41.525912769262895],[-73.580084070316431,41.525862014580866],[-73.580454418469046,41.525828654162261],[-73.580940280836629,41.525792713698159],[-73.5816772939624,41.525738191230417],[-73.581809905450996,41.525732179041327],[-73.581928725702141,41.525726792837311],[-73.582340001806443,41.525690369697493],[-73.582545937475956,41.525665983741497],[-73.583030041409529,41.52563153585254],[-73.583243009775188,41.525616381097073],[-73.584056365391419,41.52555850022889],[-73.584181508244498,41.525542969224432],[-73.584417517452493,41.525513676571883],[-73.584652306975798,41.525495956023931],[-73.584852712956376,41.525480830093422],[-73.585873378557764,41.525387120208407],[-73.587099731726724,41.525310510486044],[-73.587279623715432,41.525296904436381],[-73.58772635991977,41.525263111612411],[-73.587847338593804,41.525252217250596],[-73.587925371439781,41.525245189911402],[-73.588068587066573,41.525235997826314],[-73.588838908723034,41.525177860869007],[-73.589409537694294,41.525117224965591],[-73.589516493628793,41.525105736183072],[-73.58967712096576,41.525090823617219],[-73.59047000115838,41.525013912340818],[-73.591686562302471,41.524895892868763],[-73.59340903569931,41.52472532612861],[-73.594671546012748,41.524598269785798],[-73.597126568138265,41.524356017253794],[-73.597586695909044,41.524310808665987],[-73.598165787416619,41.52425391093243],[-73.598538211741939,41.524216808361707],[-73.599376164075437,41.524133326057054],[-73.599574298306237,41.524116598435484],[-73.599636838135211,41.524111317265145],[-73.600396246857159,41.524027477087714],[-73.601593681991019,41.523899929861265],[-73.602027579424828,41.523855730115017],[-73.602541524466531,41.52380337654364],[-73.60564622873467,41.523492706209076],[-73.606853995212603,41.523371827973584],[-73.611988295461643,41.522879750462351],[-73.615530673545464,41.522541680511772],[-73.615905958897713,41.522495447156814],[-73.616235749884453,41.522454819634468],[-73.617383935428236,41.522329974581588],[-73.617742793852699,41.522290952335446],[-73.620683853619909,41.521980887427389],[-73.621066624291359,41.521937630873644],[-73.622519945830732,41.521695836901856],[-73.626235032715201,41.521080452788148],[-73.629944016349427,41.520473829532918],[-73.633725931324392,41.519849350515862],[-73.638395438426883,41.519088764397367],[-73.639112036550515,41.518985536119118],[-73.640819510925425,41.518718284160791],[-73.641075813042036,41.518675057424062],[-73.6418181947828,41.51855001529303],[-73.64376762052035,41.51823477149712],[-73.643822456804131,41.518225667157068],[-73.644686013847178,41.518082291060573],[-73.644859077741287,41.518054161443203],[-73.645960570609617,41.517873433997138],[-73.646785325152237,41.51773949929418],[-73.647591571368579,41.517608562823028],[-73.647817170118785,41.517571926003306],[-73.647880025329002,41.517561717874941],[-73.649534997248452,41.517288873825855],[-73.651184898594209,41.517019582585114],[-73.651621646138892,41.516947212078151],[-73.652747034669332,41.516760727019879],[-73.65332728860929,41.51666936087274],[-73.65424639504576,41.516524633094186],[-73.654540644646332,41.516476104447079],[-73.654684188211604,41.516452430691729],[-73.655026543182657,41.51639326144322],[-73.655567160571266,41.516299823378162],[-73.656745822267808,41.516103056631842],[-73.657401336725229,41.515993618738776],[-73.658582333726727,41.51580057131553],[-73.659738356497414,41.515611593601321],[-73.661820822680184,41.515280357428288],[-73.66389121989161,41.514944549526447],[-73.665919101110717,41.514613089250986],[-73.667116502394876,41.514415390284782],[-73.667380216220252,41.514380551078013],[-73.668136218539459,41.514342037813179],[-73.66898128576652,41.514274872944902],[-73.669817430468314,41.514209883752606],[-73.670163673080211,41.514182715724885],[-73.670231013088099,41.514180875206456],[-73.670409131872674,41.514167445310648],[-73.670786904600007,41.514138962844221],[-73.671013567467,41.51412125901286],[-73.671290051358412,41.51409966108843],[-73.671639599807662,41.51407421474606],[-73.671997571845097,41.514048153059335],[-73.672272556439339,41.514027704579995],[-73.672674269189372,41.513997832309961],[-73.672679115881934,41.513998920472666],[-73.672679155252823,41.513998929033548],[-73.672679195803369,41.513998938508756],[-73.672681328688057,41.513999417088051],[-73.672713073989101,41.513996855297663],[-73.67412713796152,41.51383222970275],[-73.674523780718076,41.513798663527552],[-73.67568394584741,41.513700475575867],[-73.676314041614262,41.513648612184646],[-73.677012996503194,41.513591074974578],[-73.678591162868742,41.51346763898826],[-73.678907872671388,41.513446620976019],[-73.679888708011703,41.513381527321179],[-73.681118140468271,41.513295307041588],[-73.682255743276045,41.513215516148016],[-73.682556895525465,41.51317828248412],[-73.684444288353745,41.512900789757474],[-73.684956813822922,41.51282543118301],[-73.68726307385279,41.512503225095472],[-73.687663718438998,41.512312470146959],[-73.688201320479877,41.512056502694492],[-73.688606800104765,41.511919327241316],[-73.688836262107358,41.511841698309176],[-73.6894505022819,41.511619228974098],[-73.691502247090341,41.510788810410439],[-73.6918907889347,41.510693858728267],[-73.692656521962505,41.510506725367421],[-73.693972197900777,41.510564467789969],[-73.694534780973186,41.510621351847547],[-73.694796086370104,41.510647771772341],[-73.699304038826952,41.510869428636369],[-73.701593526544698,41.510983472716227],[-73.703190215285645,41.511062978469205],[-73.703569731389024,41.511084611865236],[-73.704153058575514,41.511009069546922],[-73.70565690112538,41.510805726653892],[-73.70729900920405,41.51058366407036],[-73.707850312425919,41.510508200513513],[-73.708957451080281,41.510356646204016],[-73.709133648504775,41.510346306980978],[-73.709265232959098,41.51033858681744],[-73.709508436721677,41.510319904586439],[-73.709684512704484,41.510306379125886],[-73.710744081222643,41.510219561266162],[-73.712229536006788,41.510097830860843],[-73.714025149118541,41.509936831927178],[-73.714951248207726,41.509856385451343],[-73.717934109396438,41.509603748820943],[-73.718644362421671,41.509543560320822],[-73.720553433112613,41.509374485734646],[-73.721951263700959,41.509262532550551],[-73.722843301585584,41.509186130325233],[-73.722874094596648,41.509183456719704],[-73.724650011013196,41.509029309229447],[-73.725567393367896,41.508955157507181],[-73.726036414905224,41.50891724263704],[-73.726843070238289,41.508844649801681],[-73.730500648460833,41.508463330404567],[-73.748771333003504,41.506749932362723],[-73.751352023213997,41.506478168232697],[-73.752319778163496,41.506376242810788],[-73.757992724061054,41.505778580340483],[-73.760390827476087,41.505525844671041],[-73.761318810795615,41.505429597192581],[-73.765731221901149,41.504971853567454],[-73.768659175688526,41.504660330353303],[-73.770460258329194,41.504468662064951],[-73.775207131962986,41.503978738734716],[-73.776537820528759,41.503823261245259],[-73.785311814042032,41.503095903630893],[-73.788902146945219,41.502797143977773],[-73.79080911629255,41.502638411965648],[-73.798548479781843,41.501997098378737],[-73.805806953192018,41.501383251338808],[-73.808754328486728,41.501110613835991],[-73.811189411056759,41.50089242562305],[-73.815631821123048,41.50049423976867],[-73.815682443004974,41.500489753991339],[-73.815716058941291,41.500486773810913],[-73.821844256098942,41.499943623387438],[-73.822696340773831,41.499869361606706],[-73.826452277060454,41.499537806441197],[-73.829010013466743,41.49931194948136],[-73.830281505670897,41.499199085395126],[-73.834037517750417,41.498865598574319],[-73.837134611645411,41.498542500302953],[-73.837134774893357,41.498542483038491],[-73.838169090821609,41.498434560482245],[-73.847276710477971,41.497449015645813],[-73.857384196865169,41.496379067427675],[-73.858376996287916,41.496268930840372],[-73.859258072383341,41.496165785837192],[-73.861094507004154,41.495950778819932],[-73.864468387037917,41.495598529748271],[-73.86895410295169,41.495102126739418],[-73.872838275917374,41.494683081260007],[-73.877339068382355,41.494197734075243],[-73.881847518862472,41.493717901848832],[-73.898474214023338,41.491885627038101],[-73.910710419010769,41.49091373613701],[-73.911232506137907,41.490859219302813],[-73.911756652993148,41.490804193560521],[-73.912282162671119,41.490748998169778],[-73.912806764032254,41.490693623351838],[-73.913327941720965,41.490638408345255],[-73.913371668700208,41.490633762116488],[-73.913842956616648,41.490583678611323],[-73.914349289732016,41.490529777950833],[-73.914844445155339,41.490477032410531],[-73.915325441677894,41.490425777011389],[-73.915789998627574,41.490376003941741],[-73.91605058621505,41.490348148107394],[-73.916235385432529,41.490328392939105],[-73.916661138752289,41.490282933556976],[-73.916939915913403,41.490253225811564],[-73.917065882885382,41.490239803113305],[-73.91744917413773,41.490198818409176],[-73.917491466751514,41.490194307531674],[-73.917810091571596,41.490160327681572],[-73.91804878742704,41.490134789657475],[-73.918148178177603,41.490124155704365],[-73.91846206473177,41.490090810423219],[-73.918610912452849,41.490075027821256],[-73.918751527810343,41.490060116996553],[-73.919017021812891,41.490031912344755],[-73.91926447754669,41.490005703823293],[-73.91950142910882,41.489980825536811],[-73.919666368179094,41.48996352369582],[-73.919735416065748,41.489956281007458],[-73.91984428830375,41.489944827612604],[-73.919973511696142,41.489931234149076],[-73.920052767839266,41.489922934202895],[-73.92022370741698,41.489905032177603],[-73.920493075264346,41.489876838866017],[-73.920789151495129,41.489845995208981],[-73.921000753149301,41.489823755573639],[-73.921117415284954,41.489811494045185],[-73.921474899634021,41.489774180079408],[-73.921514989410625,41.489769988437949],[-73.921857265401769,41.489734207819595],[-73.922259256882541,41.489692247447387],[-73.922390243075583,41.489678554291878],[-73.922676551321814,41.489648623058685],[-73.923104110576688,41.489604179932357],[-73.92353737483127,41.48955923736704],[-73.923971324852332,41.489514297781774],[-73.924403217483274,41.489469863340204],[-73.924567231553709,41.489452997974553],[-73.924836935500167,41.489425263292908],[-73.925110135873496,41.489397387716373],[-73.925278871560096,41.489380172746074],[-73.925734495008271,41.489334103156935],[-73.926023438298571,41.489304881752986],[-73.926209751036396,41.489286039806309],[-73.926711027591736,41.489236009638226],[-73.927243804181359,41.489182829426049],[-73.927814007569495,41.489126520657585],[-73.928426439539166,41.489066239397872],[-73.928819279665518,41.48902766201698],[-73.929079045098575,41.489002152286666],[-73.92954957614019,41.488956149629324],[-73.929768395805908,41.488934756363314],[-73.930491075878891,41.488864217361822],[-73.931244107286275,41.488791034805374],[-73.931431050031577,41.488772820752381],[-73.931657118198359,41.488750771553185],[-73.932023614061151,41.488715023484779],[-73.932438584499764,41.488674644112301],[-73.932826859689925,41.488636859135788],[-73.933649958620251,41.488556870028951],[-73.93623468523937,41.485849961510041],[-73.939278498304773,41.482706640081382],[-73.940317907880626,41.481657846877432],[-73.942258754168051,41.479652906945653],[-73.943962174504321,41.477893102947164],[-73.944123550408705,41.477726384958807],[-73.945455060512757,41.476350756173339],[-73.946764743759275,41.474998001854111],[-73.947917644650957,41.473806975412451],[-73.948941309130106,41.472750158497313],[-73.949862371172983,41.47179951128674],[-73.950448885070585,41.471194644732847],[-73.950474734983956,41.471167986584028],[-73.950707910711643,41.470927510225948],[-73.95150202989457,41.470109196803669],[-73.952256202349147,41.469332252846407],[-73.952979608836372,41.468587452775054],[-73.953680976688958,41.467865559410882],[-73.954369021938078,41.467157165898115],[-73.955052690067944,41.466453216726826],[-73.955740709889582,41.465744304715045],[-73.956442249772039,41.465021192187557],[-73.957171996517346,41.464267979009854],[-73.957970776371823,41.463443289146696],[-73.958885609645037,41.462498892747469],[-73.95996350200339,41.461386919197949],[-73.961251004037578,41.460058965334532],[-73.962103635200648,41.459180355843223],[-73.962795567064475,41.458467322904582],[-73.964643472162166,41.45656375460198],[-73.966842146005931,41.454300198344725],[-73.967295432383196,41.453827026468694],[-73.967990704585844,41.453101233320375],[-73.96897433163717,41.452074295792585],[-73.969442802302027,41.451585310991796],[-73.969828589243676,41.451182625363572],[-73.970222183930204,41.450771790895189],[-73.970588798527302,41.450389110162874],[-73.971290060448823,41.449656642285674],[-73.971968144454664,41.448948455652278],[-73.972270107856716,41.448632914260898],[-73.972658135067348,41.448227434876479],[-73.973395352617686,41.447456644146804],[-73.974207996214432,41.446606490823513],[-73.975094450366882,41.44567868557521],[-73.976046455840844,41.444682292891706],[-73.976697655757576,41.444000746792774],[-73.977055517308912,41.443626203279024],[-73.978112929174188,41.442519482130109],[-73.978993888448116,41.441597827481644],[-73.9792101897892,41.441371531079973],[-73.979293472793643,41.441284424849208],[-73.980338812804376,41.440191072128357],[-73.981466755691883,41.439011661311234],[-73.981471525903061,41.439006672930731],[-73.981935874409544,41.439390508005879],[-73.981944867389146,41.439397942111952],[-73.982373603588414,41.43975233670448],[-73.982449798369998,41.439824330174169],[-73.983423014042103,41.44074390678059],[-73.983778019019084,41.441112195000485],[-73.983865683315173,41.441203139466438],[-73.984150023841721,41.441498115538174],[-73.984356924356433,41.441770816537762],[-73.984560382797966,41.442038979486043],[-73.984727244408248,41.442258901681271],[-73.985375238088963,41.443045968409713],[-73.986387839376647,41.444032598103448],[-73.987396284720774,41.444787797445386],[-73.987552451438617,41.444904744630769],[-73.98761109369137,41.44494649286154],[-73.988253806005247,41.445404046977103],[-73.988924903943428,41.445881794694458],[-73.989836590801957,41.446477039414752],[-73.990169201621356,41.446694198114322],[-73.990594542777245,41.446971895617381],[-73.99246707470661,41.448118152183334],[-73.993558332400369,41.448761736868818],[-73.994115770763884,41.449090486795576],[-73.994141465181769,41.449105640276628],[-73.995264761293299,41.449761112892602],[-73.996291650657525,41.450380662296567],[-73.996357280347894,41.450420258420856],[-73.997075188190422,41.45086834083498],[-73.997569089007158,41.451252131427943],[-73.997907664158461,41.451605104685051],[-73.998182320353791,41.451974184773789],[-73.998555632506765,41.452533785633207],[-73.999030903610375,41.453398146465751],[-73.99978768902352,41.454393585683576],[-73.999788185427775,41.454394239430222],[-73.999788681859712,41.454394891375621],[-74.000415164905519,41.455167917720161],[-74.000850236922318,41.455786521526491],[-74.001027998997742,41.456116033955986],[-74.0011493742807,41.456415025058405],[-74.001154841707759,41.456438169185063],[-74.001165181762047,41.456481943725144],[-74.001298913734004,41.457048065755536],[-74.001345189265223,41.457407392406196],[-74.00134585906126,41.457812895576474],[-74.001285712302476,41.458071736372581],[-74.001218487333048,41.458332617979067],[-74.000977891481938,41.458741541991202],[-74.000407805662448,41.459596531445911],[-74.00024971648817,41.459875475114266],[-73.999969689866475,41.460369562682075],[-73.999802052232027,41.460727300886902],[-73.999649001350392,41.461053906596327],[-73.999580910777027,41.461214264818388],[-73.999451839384236,41.461571631697666],[-73.999275119046857,41.462060922433729],[-73.999056177546308,41.463044368263681],[-73.999031393837811,41.463829746633216],[-73.999094621687348,41.464573008651342],[-73.999118493942504,41.465830582976736],[-73.99910344682884,41.466197424410097],[-73.999061689308434,41.467215519467729],[-73.999051763440988,41.467457545716869],[-73.998946725692164,41.468460878941293],[-73.998885553333849,41.468704660492911],[-73.998880584225319,41.468724464897797],[-73.998788690773964,41.469090671449344],[-73.998664310646959,41.469586342075694],[-73.998599050933507,41.469907411261453],[-73.99849538262356,41.470417439486923],[-73.998436882983157,41.470834650364644],[-73.998436647663397,41.470836322777849],[-73.998380177428487,41.471239044065207],[-73.99834480695705,41.471491308708281],[-73.998258336826794,41.472162777831301],[-73.998133650157072,41.473080626359426],[-73.998056084379499,41.473616096359031],[-73.998005466965978,41.473969808959538],[-73.997973517507006,41.474193062657527],[-73.997958598154696,41.4746983533622],[-73.998055064401242,41.475275498398091],[-73.998207773845664,41.475870989301576],[-73.998362217312319,41.476617262265236],[-73.998533272783888,41.477903906078616],[-73.998688070084242,41.479426875982689],[-73.998693753707499,41.479507927347576],[-73.99876159530811,41.480475324334762],[-73.998769430574981,41.480714700646985],[-73.998787942979689,41.481280404850182],[-73.998806347032428,41.481842735716398],[-73.998834307837313,41.483192261614064],[-73.998804710028324,41.483675147021295],[-73.998750892814058,41.484553125252518],[-73.99862280102495,41.485419845156407],[-73.998541584498227,41.48583094571169],[-73.998506397550216,41.486009064127643],[-73.998421608642587,41.486386410098376],[-73.998253792426652,41.487133234825052],[-73.997939631175441,41.488468384181296],[-73.997863744776893,41.488767352643713],[-73.997815287904743,41.488958258982656],[-73.99759358054871,41.48970463078961],[-73.997516006082137,41.489948007405246],[-73.997435058486928,41.490201972356253],[-73.997358730139567,41.490441446034083],[-73.99731740732166,41.490571090811933],[-73.996952012994441,41.491572456933717],[-73.996712693853979,41.492278466300974],[-73.996489796039143,41.492985725354956],[-73.996301923067662,41.493624132460816],[-73.996193987649349,41.494025544389366],[-73.996077879623613,41.494623441055872],[-73.996033888355399,41.494849971416613],[-73.995949473897738,41.49537671581993],[-73.995948144133095,41.495385012534932],[-73.99590609606328,41.49564739077767],[-73.995658831424294,41.496473618562966],[-73.995414679344449,41.496893270421964],[-73.995216670370525,41.497233604981837],[-73.99517555060973,41.497304276285014],[-73.995130504578967,41.497381697555021],[-73.995061378088053,41.497578255836409],[-73.99498460926101,41.497796549419903],[-73.995000910883562,41.497931424657608],[-73.995029015092911,41.498163927608054],[-73.995315014080177,41.498623444362664],[-73.995545394729717,41.498888467630657],[-73.995837341503361,41.499224307339034],[-73.996034488053198,41.499480438369794],[-73.996402118587554,41.499958059806382],[-73.997248086414189,41.501205851731427],[-73.997740496164297,41.502218807337016],[-73.997969615760397,41.503052946804118],[-73.997992339726764,41.503310300802283],[-73.997993802710724,41.503326853614539],[-73.99801079396137,41.503519287231974],[-73.997941160029299,41.504058550623981],[-73.997850956705207,41.504326309383671],[-73.997775244494207,41.504551047689866],[-73.997680968894485,41.504764072315524],[-73.997499124831961,41.505174959280637],[-73.997284882385898,41.505701618577611],[-73.997281319316286,41.505898915277925],[-73.997275612289314,41.506214810969553],[-73.997445844423027,41.506655457357546],[-73.997479886902909,41.506805872040786],[-73.997529821731419,41.507026511734892],[-73.99753530715175,41.507050755787674],[-73.997580393046576,41.507455100636342],[-73.997612294924593,41.507741221776982],[-73.997569464810326,41.508612474856903],[-73.997572308944058,41.509520909812018],[-73.997353545054608,41.510478102021786],[-73.997207160386793,41.511073571498805],[-73.997183221301,41.511731665986083],[-73.997081721073627,41.512412587560227],[-73.997078081029741,41.51243700693491],[-73.99707352790648,41.512467554995446],[-73.997072520434813,41.512759343733968],[-73.9970706377742,41.5133033714297],[-73.99706937581108,41.513668773363115],[-73.997137768858877,41.514262135925129],[-73.997190595545248,41.514720439286982],[-73.997285416014009,41.515807557880898],[-73.997354990042822,41.516605187100858],[-73.997426469100944,41.517656705015582],[-73.997057053869682,41.519274705022248],[-73.996907419499024,41.520036434033258],[-73.996902266002934,41.520062665037429],[-73.996897193001828,41.520088495019927],[-73.996907819916132,41.520416149059649],[-73.996862594715793,41.52075969466722],[-73.996836577945004,41.520957322798914],[-73.996832270962969,41.520990040996679],[-73.996724540389494,41.521379586196147],[-73.996526937571502,41.522094088835438],[-73.996324515302263,41.522825991510139],[-73.996127787721335,41.523571056190356],[-73.995963098737988,41.524078990781717],[-73.995626635493295,41.524720675003813],[-73.995600474517701,41.524770566421054],[-73.995386798148431,41.52517235055096],[-73.995057030734102,41.525907593846206],[-73.994586111967664,41.526658196087716],[-73.994536162647634,41.526725836989556],[-73.994274394759344,41.527080293169988],[-73.994032100161149,41.527408380149389],[-73.993766666114439,41.527784879792065],[-73.993676579450266,41.527912660796993],[-73.993544462106584,41.528163881972795],[-73.993368303205798,41.52849884506395],[-73.993099959615009,41.529009095805897],[-73.99284256002602,41.529651199580655],[-73.992841983925956,41.529652638394914],[-73.992841971452023,41.529652669810972],[-73.992841381665556,41.529654140931356],[-73.992840096458977,41.529657788414319],[-73.992548507791838,41.53048313783485],[-73.992370533217823,41.531154399954552],[-73.992353366403449,41.531219148448848],[-73.992262533267137,41.53156173252659],[-73.992161125110968,41.531876532888909],[-73.991864715569136,41.532593164814806],[-73.991501228701736,41.533431212340091],[-73.991222365816157,41.533976363519734],[-73.990970589732342,41.534449725347564],[-73.990700513806743,41.534885808068267],[-73.990616267454328,41.535103915386756],[-73.990294372107343,41.53575478339495],[-73.99024499155567,41.53585462542663],[-73.990047997329413,41.536425844111577],[-73.99003774160505,41.536455592269427],[-73.989828375010532,41.537062671290983],[-73.989491098582334,41.538200791503293],[-73.989316646335226,41.538854847128988],[-73.989258408246627,41.539073187284863],[-73.989104051332859,41.539660331541491],[-73.98903319766319,41.539929842345039],[-73.989001884394185,41.540048939713984],[-73.98891271357121,41.540388182688673],[-73.988799869860358,41.5408174769262],[-73.988600007016089,41.541480698597958],[-73.988263064099542,41.542246768735424],[-73.988074210307971,41.542555815290932],[-73.98796122506991,41.542721859714852],[-73.987935137812514,41.542776157983567],[-73.987930113306732,41.542776689320213],[-73.987920974541566,41.542777657322404],[-73.987822695840521,41.542908473224365],[-73.987601586941409,41.543202779343879],[-73.987284088626438,41.543578471077531],[-73.986792583736701,41.544160058541756],[-73.986553409695233,41.544443239796188],[-73.986551076598985,41.544446001560509],[-73.986215857277088,41.544842896446674],[-73.985827075847723,41.545303137594665],[-73.985582132652254,41.545592969033521],[-73.985437142810014,41.545764748022386],[-73.985348216329399,41.545870312363256],[-73.985278133769029,41.545953634795765],[-73.985247686252919,41.545989737204835],[-73.985217239943751,41.546025836914026],[-73.985163239649864,41.54609016719202],[-73.985113374429318,41.546149364704355],[-73.985065118747201,41.546206683086055],[-73.985035640604622,41.546241658184272],[-73.985015945335803,41.546265025571827],[-73.984963094214208,41.546327301444038],[-73.984904045754149,41.546396766176819],[-73.984836952643363,41.546475467002139],[-73.984801381620514,41.546517074295764],[-73.984762504421937,41.546562548904546],[-73.984681856343826,41.54665681780665],[-73.984596381608512,41.546756560941233],[-73.984507691728226,41.546860237885461],[-73.984416934471938,41.546966139293367],[-73.984325254399835,41.547073068304357],[-73.984234270575826,41.547179311636725],[-73.984179704743696,41.547243186079093],[-73.984179635142013,41.547243266529058],[-73.984145116789534,41.547283673244124],[-73.984058263247036,41.547385298898661],[-73.984003285207379,41.547449594752258],[-73.983973706387914,41.547484187673604],[-73.983911001373755,41.547557703434229],[-73.983892132935466,41.547579824125535],[-73.98381377747674,41.547671700526415],[-73.983780613865775,41.547710631110398],[-73.983738865870919,41.547759636933733],[-73.983667638646807,41.547843129275499],[-73.98360054106692,41.547921998648562],[-73.983569462121579,41.547958565191095],[-73.983537576927262,41.547996081162779],[-73.983493594412082,41.548047868381104],[-73.983478293474121,41.548065884431843],[-73.983421760693886,41.548132608105462],[-73.983367073418606,41.548196936838721],[-73.983313531838405,41.548260069610627],[-73.983294055071156,41.548283109861188],[-73.983291077926737,41.548286630573728],[-73.983260448748339,41.548322859633529],[-73.983206904305931,41.548386161664048],[-73.983151757990314,41.548450833909861],[-73.983125692050834,41.548481633212042],[-73.983094997356318,41.548517899476956],[-73.983036403785448,41.548586847522223],[-73.982976427459562,41.548657336147976],[-73.982954631929076,41.548683030068233],[-73.982915759901275,41.548728849051088],[-73.982854176163656,41.548801050073223],[-73.982792594742193,41.54887324747876],[-73.982731240093216,41.548945273017353],[-73.982670573447379,41.549016616458893],[-73.982610829483832,41.549086763768258],[-73.982564307404829,41.54914128705353],[-73.982552003526493,41.549155707699803],[-73.982494326848141,41.549223457507338],[-73.982437566834619,41.549290013836249],[-73.982382184337894,41.549355197019658],[-73.982327725796992,41.549419181387869],[-73.982274407012994,41.549481968852376],[-73.982222475502496,41.549543221133504],[-73.982170996579455,41.549604126115717],[-73.982116535489169,41.54966862827176],[-73.982054946441224,41.549741511548788],[-73.981982097534157,41.549827741952328],[-73.981893621089881,41.549932101440973],[-73.981785840618002,41.550059561821648],[-73.981653933474448,41.550215080223317],[-73.981494442811339,41.550403446593151],[-73.98141930630598,41.550490867831627],[-73.981381168334877,41.550535233612472],[-73.981349448543185,41.550572132525971],[-73.981283957531701,41.550648434166668],[-73.981260236324744,41.550676027424757],[-73.981221452088334,41.550721141327422],[-73.98119584794145,41.550750820168744],[-73.981160792225836,41.550791457181845],[-73.981124142873085,41.550833853580023],[-73.981101046793725,41.550860571439301],[-73.981041073126789,41.550929856580197],[-73.980979724086296,41.55100051120391],[-73.980916075602494,41.551073730479999],[-73.980896382461708,41.551096314428563],[-73.980850590422079,41.551148832157473],[-73.980816018869973,41.551188465447446],[-73.980784187293665,41.55122495878522],[-73.980752831314533,41.551260942919413],[-73.980717554410276,41.551301427411538],[-73.980651378125984,41.551377214597913],[-73.980608895894861,41.551425942517241],[-73.980586352478156,41.551451800478034],[-73.980523392795519,41.551524165448285],[-73.980492659217063,41.551559667738033],[-73.980463417890036,41.551593450266026],[-73.980427111614318,41.551635473875884],[-73.980406659999289,41.5516591462873],[-73.98035265762654,41.551721932170167],[-73.980300722230069,41.551782665602651],[-73.980249935698126,41.55184185725966],[-73.98022360474198,41.551872786835524],[-73.980199834288683,41.551900709093594],[-73.98014905350891,41.551959904358284],[-73.980097345255231,41.552020122697044],[-73.980083223835521,41.552036592297895],[-73.980043804485732,41.552082567548318],[-73.979987729520047,41.552147404722248],[-73.979950201163646,41.552190699058954],[-73.979929597803917,41.552214467313945],[-73.979904114790784,41.552243839786378],[-73.979870082042908,41.552283066833674],[-73.979810106021546,41.55235218015158],[-73.979779906641625,41.552386983521565],[-73.979750133482469,41.552421292567274],[-73.979690620295202,41.552489551541527],[-73.979646731059987,41.552540046429279],[-73.979632482302492,41.552556440082995],[-73.979576412770399,41.552621107761958],[-73.979522871934222,41.55268303534811],[-73.979471625317487,41.552742570243204],[-73.979421987717032,41.5528000513441],[-73.979373730407744,41.552855993635745],[-73.97932661988024,41.552910911159451],[-73.979279741913075,41.552965141677149],[-73.979233092890325,41.553019372406119],[-73.979218352340197,41.553036448889721],[-73.979217802762335,41.553037083521545],[-73.979185981541974,41.553073945787901],[-73.97913885652855,41.553128163244104],[-73.979137952854444,41.553129201856919],[-73.979089698986115,41.553184970216691],[-73.979041210905336,41.553240910314642],[-73.978992726589695,41.553296681990318],[-73.978944468574255,41.553351935939219],[-73.978897133708287,41.553406509014899],[-73.978850939664568,41.553460056374675],[-73.978806129590694,41.553512062265746],[-73.97876269353516,41.553562702241742],[-73.978720176529279,41.553612313635782],[-73.978677890838838,41.553661927968939],[-73.978634910869758,41.55371222336764],[-73.978590556353751,41.553764061180942],[-73.978544362658809,41.553818467702541],[-73.978495182668226,41.553875947950438],[-73.978447947665543,41.553930831569154],[-73.978442326520636,41.553937362283605],[-73.978385561527688,41.554003398580427],[-73.978325352338643,41.554073027838413],[-73.978262845610615,41.554145391947976],[-73.978199189451772,41.554218779833434],[-73.978165441986647,41.554257728769407],[-73.978135303468676,41.55429251331752],[-73.978072334967706,41.554365390228739],[-73.978037030765307,41.554406097905222],[-73.978011209940703,41.554435871363374],[-73.977953066611533,41.554503103952996],[-73.977898600512916,41.554566401531972],[-73.977846893172455,41.554626446792341],[-73.97779633383594,41.554684783662267],[-73.97774600703417,41.554743120775143],[-73.977694528761475,41.554802308714834],[-73.977655441920234,41.554847132251432],[-73.977640528614174,41.554864236713044],[-73.977582847417324,41.554930096918682],[-73.977519890022364,41.555001428881567],[-73.977450725805028,41.555079606019703],[-73.977373978524781,41.555165819442067],[-73.977288504409472,41.555261954072677],[-73.977193148030523,41.555369035440258],[-73.977086535622163,41.555488777976265],[-73.977043377380156,41.555537218392992],[-73.9769675126701,41.555622373836037],[-73.976838467463466,41.555767558207251],[-73.976834932003214,41.555771535847036],[-73.976687413137569,41.555937636980332],[-73.976509760321775,41.556145142350474],[-73.976390085658338,41.556284928737433],[-73.976363504564318,41.556315974064916],[-73.976267505357967,41.556428106452309],[-73.976104512253016,41.556617056281915],[-73.975937241602168,41.556810966763969],[-73.975796438332054,41.556972651754506],[-73.975683987191388,41.557101779567169],[-73.975577361848096,41.557222284348889],[-73.975495090785472,41.557315262096495],[-73.975357694876095,41.557466981614674],[-73.975298592866366,41.557530254618207],[-73.975259605387478,41.557571993234916],[-73.975240764929183,41.557591284446616],[-73.975187947835863,41.557645357620316],[-73.975129859038617,41.557702467840137],[-73.975074984329126,41.557755986691866],[-73.97502033651925,41.557809331899279],[-73.974998505374231,41.557830582494184],[-73.97496500410638,41.557863194294299],[-73.974933972296483,41.55789350604757],[-73.974908293490074,41.55791859000783],[-73.974879845570356,41.55794626496052],[-73.974849056864542,41.557976213165922],[-73.974786829322341,41.558037253071447],[-73.97472024875394,41.558102228997178],[-73.974648609161676,41.558172332595255],[-73.974571689528034,41.558247736624274],[-73.974490176971116,41.558327757251369],[-73.974451894321803,41.55836535496384],[-73.974405907133047,41.558410516629053],[-73.97432003374692,41.558494641539461],[-73.974234386796041,41.55857876570191],[-73.974150116625182,41.558661352846741],[-73.974068835096418,41.558741030252953],[-73.974048939069647,41.558760446052112],[-73.973991914740125,41.558816090703189],[-73.973920736148301,41.558885682738065],[-73.97388357258896,41.558921783340928],[-73.973854380250785,41.558950142240519],[-73.973794805799997,41.559007926657088],[-73.973792156877195,41.559010496183284],[-73.973732920990685,41.559067945819301],[-73.973675978297365,41.559123171303256],[-73.973620184096958,41.559177200047877],[-73.973564848160279,41.559231060818533],[-73.97352575415735,41.559269240040848],[-73.973508824688125,41.559285773808355],[-73.973473467826096,41.559320210564941],[-73.973451419882267,41.559341683201389],[-73.973393558889299,41.559398450479321],[-73.97333599667941,41.559454972697708],[-73.973335921141313,41.559455047683564],[-73.973279434349934,41.559510444570336],[-73.973247735605995,41.559541651519623],[-73.973225242807558,41.559563792975595],[-73.973174037955346,41.559614065053005],[-73.973126965509778,41.559660399143787],[-73.97308494128292,41.559701609080157],[-73.9730484325747,41.559737342357124],[-73.973016290397851,41.559768290376866],[-73.972987130262297,41.559796157545634],[-73.972978540143487,41.559804192685078],[-73.972959351434682,41.559822141934035],[-73.972931350778424,41.559847441589433],[-73.972901974599139,41.559873422503323],[-73.972869161075891,41.559901621796179],[-73.972848195725362,41.559919453373496],[-73.972831990615859,41.559933237311576],[-73.97278885678935,41.559969295022846],[-73.972765801489999,41.559988392337381],[-73.972739758066524,41.560009966046039],[-73.972710850270502,41.560033849718863],[-73.972685157672615,41.560055077070729],[-73.972653591211824,41.560081001420087],[-73.972624813247322,41.560104634029777],[-73.97259420490154,41.560129499572511],[-73.972558977661052,41.560158115856275],[-73.97248831849339,41.560215696940929],[-73.972470421254314,41.560230153853659],[-73.972469468852069,41.560230924463468],[-73.972412381772074,41.560277039050867],[-73.972331861895654,41.560342137573393],[-73.972246754580922,41.560410655591774],[-73.97215774643314,41.56048224795348],[-73.972065297366839,41.560556571984584],[-73.971969868712762,41.560633120193565],[-73.971902256088825,41.560687502678689],[-73.971872369000693,41.560711544012577],[-73.971772811034583,41.560791337347155],[-73.971672103654484,41.560871981400204],[-73.971570937531041,41.560953481445857],[-73.97146953999038,41.561034811796958],[-73.971368832063732,41.561115971685744],[-73.971269267470845,41.561196104087102],[-73.971215361234357,41.561239663268843],[-73.971171997140459,41.561274702290646],[-73.971077248748458,41.561351249526162],[-73.97098594097487,41.561425063171292],[-73.970898766720126,41.561495632424077],[-73.970816175258747,41.561562609134945],[-73.970738858502386,41.561625318565156],[-73.970665905642548,41.561684781191389],[-73.970638660884873,41.561706927324579],[-73.970636194598157,41.56170893095905],[-73.970595700974158,41.561741849047053],[-73.970527100557334,41.561797722459644],[-73.970458963838141,41.561853085672652],[-73.970389682046502,41.561908956503153],[-73.970318560613165,41.561966706827214],[-73.970269302446269,41.562006198107547],[-73.97024354305934,41.562026848745738],[-73.970218319647358,41.562047051117382],[-73.970164401129097,41.562090236789267],[-73.970081581570454,41.562156528174569],[-73.970064053247683,41.562170568275327],[-73.969996470130738,41.562224702184281],[-73.96990975600842,41.562293724658723],[-73.969823038926179,41.562362921779233],[-73.969737469127296,41.56243160489575],[-73.969653732388011,41.562498579499511],[-73.969627585186231,41.562519611128103],[-73.969603397425615,41.562539066941092],[-73.969573438152338,41.562563165565251],[-73.969497499516578,41.56262450569443],[-73.969454134430549,41.562659716083616],[-73.969452407954506,41.562661120140149],[-73.969426375303215,41.562682255430659],[-73.969360300810465,41.562736250259427],[-73.969299498946029,41.56278597337446],[-73.969258030180526,41.56281994598789],[-73.969244433288253,41.562831083064616],[-73.969231172493807,41.562841974554743],[-73.96919533446777,41.562871406666794],[-73.969152657553622,41.562906609598961],[-73.969127749575847,41.562926918137293],[-73.969116408513841,41.562936166803446],[-73.969092445110675,41.562955823577049],[-73.969087040192818,41.562960260688996],[-73.969063635536799,41.562979395546506],[-73.969045511420191,41.562993920137096],[-73.969031516766307,41.563005027500665],[-73.969020966230815,41.563013054666726],[-73.969013169732861,41.563018862839513],[-73.969011040108384,41.563020277685723],[-73.969006752936053,41.563023128744831],[-73.969004317163055,41.563024639924585],[-73.969001249156207,41.563026541750759],[-73.968995751693299,41.563029783676704],[-73.968990025507878,41.563032853315718],[-73.96898429812282,41.563035922943676],[-73.968978571979278,41.563038989880326],[-73.968975562018315,41.563040484201181],[-73.968972390073844,41.563042059034714],[-73.968966204906906,41.563044956122404],[-73.968959791586727,41.563048022300165],[-73.968953152776322,41.563051090058359],[-73.968949965174374,41.563052593594136],[-73.968946280973213,41.563054329565283],[-73.96893895561287,41.563057734339367],[-73.968930714530146,41.563061483081633],[-73.968921553583272,41.563065911722468],[-73.96891078792315,41.563071024027856],[-73.968898422900168,41.563077162318045],[-73.968883994529719,41.563084317927846],[-73.968867273286406,41.563092670743018],[-73.968848035826099,41.563102388995127],[-73.968826045964818,41.563113467862465],[-73.968802000382539,41.563125913591925],[-73.968784427784129,41.563135010858517],[-73.96877565719322,41.563139551975574],[-73.968747025958294,41.563154384899065],[-73.968716563592906,41.563170412856124],[-73.968700441642781,41.563178860193283],[-73.968684032978658,41.563187463482706],[-73.968649902727847,41.563205706712615],[-73.968631067414336,41.563215773510287],[-73.968614166202627,41.5632248056165],[-73.968579964408349,41.563243322001867],[-73.968576371593514,41.563245267747376],[-73.968536738908497,41.563266757307744],[-73.968509324953075,41.563281507417244],[-73.968494587981027,41.563289435727071],[-73.968476171203889,41.563299349529139],[-73.968449917168996,41.563313481329878],[-73.968402266925779,41.563339058424198],[-73.968351643535087,41.56336599772775],[-73.968297815151232,41.56339447369681],[-73.968240088876158,41.563424995319423],[-73.968175950377457,41.563458581254793],[-73.968102881811888,41.56349677163962],[-73.968018130660809,41.56354093065751],[-73.967919174066807,41.563592760510005],[-73.967803042691656,41.563653455875631],[-73.967667206351564,41.563724723361652],[-73.967612031493047,41.563753743560092],[-73.967508693783032,41.563808099860829],[-73.966947153539834,41.564080416418399],[-73.966738324024334,41.564175292254617],[-73.966551251925011,41.564260290553719],[-73.966383183428817,41.564336940403777],[-73.966232052653723,41.564406270848224],[-73.966095121360325,41.564469130126028],[-73.965970320708763,41.56452687958118],[-73.965855135914353,41.564580716205477],[-73.965798082048437,41.564607514568735],[-73.965747050592569,41.564631484782687],[-73.965644453811834,41.564680557044476],[-73.965546433322089,41.564727757264428],[-73.965452304220506,41.564773769241043],[-73.965362064107808,41.564818593863066],[-73.965275029097356,41.564862399724134],[-73.965190962275855,41.564905528773295],[-73.965109416010662,41.564948149925662],[-73.965050699255031,41.564979382490542],[-73.965029923437626,41.564990434623887],[-73.964952030043463,41.565032381482673],[-73.964875969332525,41.56507416374383],[-73.964802190266028,41.565115605309906],[-73.96473047476583,41.565156543893991],[-73.964661269382788,41.565196804278379],[-73.964594585321663,41.565236210928703],[-73.96454693882248,41.56526504974164],[-73.964530872155052,41.565274775104051],[-73.964470133951551,41.565312317603265],[-73.964412602183714,41.565348838714627],[-73.964357811445637,41.565384343257911],[-73.964345872841818,41.565392262910699],[-73.964305313849849,41.565419165872157],[-73.964259840353151,41.56545025161288],[-73.964254868830196,41.565453651169499],[-73.96420579751269,41.565487802944617],[-73.964157638201272,41.565522294379022],[-73.964109935352056,41.565556962843289],[-73.964062460178354,41.565592316082473],[-73.964014746107296,41.565628356197763],[-73.964003835424109,41.565636714718792],[-73.963966576939299,41.565665253277594],[-73.963918401942024,41.56570266189172],[-73.963870219843145,41.565740586532229],[-73.963822040570577,41.565778856152299],[-73.963802350819222,41.565794565549709],[-73.963773862133095,41.565817295094149],[-73.963726135428232,41.565855906521072],[-73.96367863769143,41.565894520892307],[-73.963631595986925,41.56593296371436],[-73.96361402790204,41.565947463625314],[-73.96358501114986,41.565971407932999],[-73.963539345574304,41.566009512742504],[-73.963494136911962,41.566047616248348],[-73.96344983942862,41.566085210939221],[-73.963406458126428,41.566122809369325],[-73.963363996165654,41.566160063891381],[-73.963338658099133,41.566182701036652],[-73.963322670467747,41.566196984568784],[-73.963303565991012,41.566214478973194],[-73.963282723424996,41.566233563680548],[-73.963265975586538,41.566249185120398],[-73.963265872116907,41.566249280564129],[-73.963243686956375,41.56626997264712],[-73.96320556858177,41.566306041301686],[-73.963168133733006,41.566342113405192],[-73.963131157305355,41.566378015792004],[-73.963094637425172,41.566414090718141],[-73.96305811664287,41.566449994487989],[-73.963035493112869,41.566472591195506],[-73.96302182414226,41.566486245279478],[-73.963008783348585,41.566499166439591],[-73.962985073194176,41.566522662159684],[-73.962948508713566,41.566559115837684],[-73.962947861511907,41.566559763019789],[-73.962909728723972,41.566598061618983],[-73.962894202509347,41.566613628270296],[-73.962869989307222,41.566637901250644],[-73.962828409276753,41.566679963446482],[-73.962784528591797,41.566724590830269],[-73.962737891666947,41.566772297201346],[-73.962688035746893,41.566823594492021],[-73.962634734606013,41.566878828333543],[-73.96257821206629,41.5669376512624],[-73.962518930132688,41.566999896306427],[-73.962457116971507,41.567065394384045],[-73.96239323336917,41.56713345519676],[-73.96232773768152,41.567203915344493],[-73.962300244783336,41.567233897968869],[-73.962261086026658,41.567276601500048],[-73.962224930013278,41.567316182314144],[-73.962193283395308,41.567350826459396],[-73.962172582985403,41.567373799737268],[-73.962125012202378,41.567426590976346],[-73.962075953781863,41.567481652082556],[-73.96205674021553,41.567503219231696],[-73.961988926272014,41.567579844374706],[-73.961922253707002,41.567655960968857],[-73.961856728773697,41.567730879123559],[-73.961793503313743,41.56780374725605],[-73.961732800833516,41.567874389947391],[-73.961676242127908,41.56794000890077],[-73.961674856310722,41.567941615874098],[-73.961620359503456,41.568005418660078],[-73.961569502829192,41.568065018226122],[-73.961568394214851,41.568066316053816],[-73.961518262457204,41.568125504211253],[-73.961490987543542,41.568157928646059],[-73.961469050722201,41.568184006203886],[-73.961434939819156,41.568224487035828],[-73.961419608236625,41.568242681729927],[-73.96136947173747,41.568302897494952],[-73.961349348934178,41.568327136840701],[-73.961317492923285,41.568365507812011],[-73.961285227153965,41.568404598347669],[-73.961262984807533,41.5684315440974],[-73.961205249248962,41.568501685484975],[-73.961145220183838,41.568574906385663],[-73.961083804689125,41.568649836895865],[-73.961022159644429,41.568724937334423],[-73.960961667019916,41.568798842994596],[-73.960903014481772,41.568870181096131],[-73.960847810729248,41.568937585383374],[-73.960843509107292,41.568942787773722],[-73.96079675134348,41.568999339978589],[-73.960758697549565,41.569045560357914],[-73.960750977880153,41.569054939095672],[-73.960709346063126,41.569105061445605],[-73.960671168245895,41.569151079813906],[-73.960634830978307,41.56919435861532],[-73.960599870207773,41.56923661222357],[-73.960564681481728,41.569278867362755],[-73.960528343818567,41.569322835173764],[-73.960509040810635,41.569346248615759],[-73.960489699876462,41.569369707648022],[-73.960448294081644,41.56942051918999],[-73.960403900528888,41.569474920978045],[-73.960374346573843,41.569511549791159],[-73.960357658735006,41.569532233363915],[-73.960310038214459,41.569591598605491],[-73.960261725157039,41.569652334759077],[-73.960213406131416,41.569713586948026],[-73.960165550723204,41.569774493830963],[-73.960139797268184,41.569807765756586],[-73.960119064162768,41.569834551988983],[-73.960107302728204,41.569849887492317],[-73.960074189058389,41.569893068265195],[-73.960030459079434,41.569951075167928],[-73.959987407499355,41.570009255723178],[-73.959943894212955,41.570069147048855],[-73.959899451645612,41.570131783440402],[-73.959853161795735,41.570198014974132],[-73.959804555271603,41.57026921279472],[-73.959752492053667,41.570346233974092],[-73.959724310337421,41.5703887134719],[-73.959721924597403,41.570392308261425],[-73.959696965626833,41.570429931426659],[-73.959676097726884,41.570461655884003],[-73.959637746370817,41.57051996259846],[-73.959575756967098,41.570614959538695],[-73.959511230609706,41.570714066871069],[-73.959473724943052,41.570772199236401],[-73.959445081480979,41.570816596611316],[-73.959415838276882,41.570861964926905],[-73.95937755781469,41.57092135485199],[-73.959309107966007,41.571027308924606],[-73.959240427774247,41.571133775177806],[-73.959171977442836,41.571239730960905],[-73.959103988073807,41.571344827087344],[-73.959036921358347,41.571449069539639],[-73.958970540911054,41.571551941870183],[-73.958905316836407,41.571653449237907],[-73.958841464306502,41.571753413450217],[-73.958779228288904,41.571851668294137],[-73.958749332859497,41.57189920124879],[-73.958718830524873,41.571947701471814],[-73.958660496228845,41.572041680757948],[-73.958604006269582,41.572133434836296],[-73.958581936194335,41.572169740944908],[-73.958549581298399,41.572222967509909],[-73.958520036085687,41.572272123060891],[-73.958497000312576,41.572310447915854],[-73.958446483200717,41.57239570330993],[-73.95839803470102,41.572478738241507],[-73.958351425413397,41.572559721770936],[-73.958306657805721,41.572638650320037],[-73.958291798752057,41.572665461505757],[-73.958263955804085,41.572715697056161],[-73.958224864233372,41.572787135306534],[-73.958222167831252,41.572792063009743],[-73.958180605121541,41.572869631642469],[-73.958138340155173,41.572949767240331],[-73.958118481730807,41.572988213580821],[-73.958094912952959,41.573033849133481],[-73.958048938332425,41.573123580630451],[-73.957999723368332,41.573220504678957],[-73.957946804175165,41.573326167201863],[-73.957889031212034,41.57344141435447],[-73.957827787536289,41.573564373467761],[-73.957764002958797,41.573692640847817],[-73.957699054602628,41.573823819560253],[-73.957661866915487,41.573898961492432],[-73.95763387939364,41.573955513186498],[-73.95757292232399,41.574078340542762],[-73.957569627345265,41.574084979566166],[-73.957507688479225,41.574209993026656],[-73.957449212775686,41.574327815916739],[-73.957394898919617,41.574437071979752],[-73.957375922933707,41.574475037994631],[-73.957375427202777,41.574476028789761],[-73.957344056252438,41.57453879258302],[-73.95729621625631,41.574635037922562],[-73.957249997329455,41.574727511334778],[-73.957225423896986,41.574776838620892],[-73.957204697879163,41.574818443835746],[-73.957186816785594,41.574854472400276],[-73.957186138678438,41.574855838940096],[-73.957159395120598,41.574909723062618],[-73.957112939391109,41.575003395821049],[-73.957064402196821,41.575101181259114],[-73.957013317005632,41.575204788302429],[-73.956973237094047,41.575285881801008],[-73.956959232741298,41.575314219159942],[-73.956902603148421,41.575429302304279],[-73.956890296320807,41.575454267464536],[-73.956843424848913,41.57554935135542],[-73.956781711050724,41.575674363726804],[-73.956717683395951,41.575803832521032],[-73.956651575384996,41.575937408573886],[-73.956583163396644,41.576074749381561],[-73.956512442324978,41.576216543039763],[-73.956437327975195,41.576367073342716],[-73.956355045660743,41.576532158934072],[-73.956263513384343,41.57671728156361],[-73.956159722227639,41.576927749724724],[-73.956041589997,41.577169046942743],[-73.955978955898175,41.577297901041767],[-73.955906568675886,41.577446823633345],[-73.955751882535495,41.577766559689422],[-73.955730033407463,41.577831668478865],[-73.955722633995464,41.577856722211521],[-73.955709990796379,41.577899530044874],[-73.955692226700464,41.577968768780273],[-73.955676291049429,41.578038357385545],[-73.955662185586633,41.578106922286885],[-73.955655507942325,41.578141822881783],[-73.955649460256282,41.578173435283794],[-73.955638584276542,41.578236693681077],[-73.955633693923929,41.578266309801862],[-73.955628874084397,41.578295495120372],[-73.955624749599679,41.578321354109761],[-73.955620342241716,41.578348985838424],[-73.955613203312168,41.578397846023151],[-73.955606998478686,41.578443452303013],[-73.955601494800263,41.57848648890689],[-73.955596911658205,41.578528155778763],[-73.955594835652903,41.578550239563732],[-73.955593012607551,41.578569652324582],[-73.955590125184315,41.578605168305678],[-73.955589567513982,41.578612009573817],[-73.955586343930676,41.578656253130561],[-73.955584726399479,41.578685915191649],[-73.955583783855957,41.578703241788581],[-73.955582860530029,41.57872101351321],[-73.954768632354742,41.582122908753504],[-73.954427572557179,41.582893554352381],[-73.954387802454647,41.582983416293466],[-73.954342935376332,41.583209390124495],[-73.954222800305985,41.583814443774052],[-73.954146535409279,41.584341341462462],[-73.954141377816427,41.584376961016282],[-73.954089648692133,41.584745749818886],[-73.954043539842544,41.585207351529071],[-73.953875083103938,41.587105950944988],[-73.953818025643358,41.587749007762703],[-73.953774271024983,41.588276143033951],[-73.953704994186282,41.589143505678727],[-73.953675554696233,41.589489040469729],[-73.95366003925875,41.589671138756465],[-73.95364611488354,41.589834573427886],[-73.953640562519283,41.589896670298167],[-73.953561523479536,41.590780618656417],[-73.953502303853426,41.591451098142763],[-73.953422850502747,41.5919084756149],[-73.953297021815146,41.592629260334292],[-73.953245535358022,41.592924192885803],[-73.953189132033586,41.593257109614342],[-73.95315985443807,41.593429919445867],[-73.95301969121121,41.594258482086651],[-73.952858534431286,41.595211106473734],[-73.952822402696739,41.595427398660405],[-73.952780149475799,41.595680321974328],[-73.95271424414247,41.596086108530564],[-73.952706098813337,41.59657819605151],[-73.952793470381422,41.598121726986044],[-73.952925835949657,41.600565071938249],[-73.953058139323076,41.602319728707563],[-73.953045291484358,41.602951253439628],[-73.953009657114038,41.605129883871989],[-73.95289044353224,41.607763990861933],[-73.952747637810901,41.610365942426967],[-73.952631522885895,41.612624410627951],[-73.952580090071194,41.613637283510876],[-73.952563056845733,41.614785434641057],[-73.952623307283915,41.617018410219067],[-73.952640426462523,41.617839101233947],[-73.952667536236078,41.61913846933232],[-73.952781150020471,41.621939377439105],[-73.952876064546317,41.624733189148614],[-73.952884248086249,41.62493006655523],[-73.952892287426494,41.62512346861137],[-73.952859268227485,41.625292030704678],[-73.952815932159211,41.625513271259429],[-73.952740122026512,41.625770824286768],[-73.95209131390564,41.6271342082443],[-73.951733405175844,41.628010728693049],[-73.951703583162313,41.62833807637859],[-73.951629334318298,41.628673488191374],[-73.951565666231744,41.628961091435741],[-73.951503241092595,41.629243075647381],[-73.951458425866107,41.62962972228673],[-73.951424958198373,41.629918461970263],[-73.951421610139946,41.629949192372649],[-73.951413859772657,41.630020368492367],[-73.951411838713682,41.630038923533583],[-73.951287664515547,41.631179076363516],[-73.951122861503322,41.632334965424349],[-73.951055833634967,41.632689976137996],[-73.950077062912115,41.63647644211634],[-73.949654839863186,41.638739195290768],[-73.949192546252704,41.641545211973046],[-73.949210590372871,41.642095379003784],[-73.949231851328406,41.642743627935467],[-73.949398918777916,41.644339559478595],[-73.94940876461196,41.645147096088749],[-73.94941768734904,41.645879076660684],[-73.949396536519998,41.64628312489814],[-73.949219050903025,41.647641971258039],[-73.949114566424569,41.648441878880924],[-73.948973158771381,41.649558235240171],[-73.94892933444261,41.649904210969147],[-73.94865685468227,41.652000212540258],[-73.948553796204848,41.65263966365211],[-73.948266577192939,41.653295854301753],[-73.948118369925425,41.653634434214851],[-73.947781530979555,41.654395400329172],[-73.947543085027846,41.654987617170562],[-73.94739087545463,41.655365654305236],[-73.947354611376255,41.655455718524927],[-73.947283102414943,41.655672803095221],[-73.947211592959164,41.655889887607344],[-73.947079006030549,41.656645362479487],[-73.947007771700996,41.657045465836433],[-73.947008829040044,41.657275243883092],[-73.947010061599286,41.657543071908236],[-73.94701576892156,41.657624021706802],[-73.94712814541694,41.659218596647932],[-73.947168721844065,41.65977773708164],[-73.947259670560896,41.661374704555605],[-73.947272857923579,41.66160621480774],[-73.947361219751159,41.663894157490638],[-73.94740776241666,41.665716611150152],[-73.947445118835944,41.667276598650282],[-73.947459978326677,41.668535496034799],[-73.947460056908923,41.668542323167308],[-73.947460159213719,41.668551086123493],[-73.94741456278517,41.668848542040053],[-73.947402378624659,41.668928028990933],[-73.947402123222531,41.668929696551231],[-73.947402112440329,41.668929768508548],[-73.947401845054941,41.66893150801517],[-73.947296132392225,41.669472663503399],[-73.947275050703837,41.669553008361774],[-73.947180258789999,41.669914297399828],[-73.946995403756816,41.670520771343305],[-73.946891015764962,41.670863241181166],[-73.946834453440275,41.67104881210696],[-73.946704752804933,41.671466940097282],[-73.946374335013417,41.672532117688696],[-73.946177333245288,41.673167180362626],[-73.94608097498201,41.673480234897717],[-73.94587682263996,41.674104931859439],[-73.945748640259268,41.674536059644424],[-73.94548788150918,41.675291095576796],[-73.94535544231897,41.675629584616047],[-73.945261003070087,41.675888785971459],[-73.945155357253967,41.676082912396602],[-73.945032440547507,41.676308769447566],[-73.944521696019919,41.677009958069043],[-73.94398276208635,41.677982919033489],[-73.943863938101629,41.678224197197721],[-73.943660381944383,41.67874374567301],[-73.943585279942155,41.678941694640365],[-73.943462535279025,41.67926520166565],[-73.943222312670954,41.679945860670081],[-73.94303794295449,41.680544890847173],[-73.943000876876795,41.68071674376435],[-73.942998868177966,41.680726058331828],[-73.94296493988162,41.680926628254561],[-73.942843959801323,41.681464422486087],[-73.942820814952412,41.681567305365093],[-73.942689777700807,41.682313341173987],[-73.942570623141037,41.683099037549376],[-73.94257015446361,41.683265833610491],[-73.942568429901456,41.683878787232807],[-73.94257480138846,41.684035753840888],[-73.942577597992099,41.684103001402434],[-73.942589503273666,41.684205769855957],[-73.942641287438505,41.684652691911154],[-73.942693071040495,41.685099614806596],[-73.942802387909367,41.686368888288321],[-73.942802573489715,41.686371057075277],[-73.942802761502321,41.686373224083226],[-73.94285636884527,41.687061617285146],[-73.942882391398641,41.687395786847759],[-73.942953483438473,41.687591234747259],[-73.943148443683427,41.688127217416231],[-73.944947486659501,41.691743400252882],[-73.946219148081809,41.695181794310265],[-73.946377432443327,41.698176130163283],[-73.946368308541082,41.698279196965032],[-73.946238345937857,41.699747527332455],[-73.946108376749024,41.7012158562137],[-73.945963137898872,41.702116562922484],[-73.945563590366788,41.704582604737375],[-73.945216425327104,41.707048996113635],[-73.944859790391746,41.709639877975491],[-73.944519458989859,41.712032695103119],[-73.944467075614384,41.712400962647934],[-73.944195882294778,41.71435863630807],[-73.944183476473881,41.714448183693023],[-73.944162989085882,41.71461895254469],[-73.944162868947515,41.714619976430399],[-73.94416274987843,41.714621008432175],[-73.944123225345706,41.714949347157642],[-73.944098657248446,41.715113459285476],[-73.944077079754479,41.715257602583122],[-73.944055542903143,41.715401459825848],[-73.944031628843717,41.71556121137327],[-73.943819003763522,41.716881745599409],[-73.943771863576458,41.717280874325539],[-73.943740352487538,41.717547681697717],[-73.943673654943083,41.718015716433499],[-73.943667132832331,41.718060592065051],[-73.943659594868294,41.718112442332888],[-73.943593018210748,41.718570303854776],[-73.943550411909385,41.718863319253842],[-73.943500753951781,41.719165464059579],[-73.943454870390113,41.719444636228559],[-73.943310853953065,41.720204519112578],[-73.943186404700128,41.720870640314686],[-73.943025167794048,41.721713654917671],[-73.942733150382168,41.723245408074078],[-73.942594945494164,41.723950245852109],[-73.942541543248922,41.724148862349956],[-73.942483624951137,41.724525848188691],[-73.942373173654858,41.725108140593555],[-73.942166418924501,41.726204164775304],[-73.941809466283743,41.72809195258472],[-73.941778993828152,41.728257460462601],[-73.94176139936441,41.728353020328164],[-73.94173315335,41.728507762909068],[-73.941731638062564,41.728516060535405],[-73.941704795000774,41.728663114212225],[-73.941606488111873,41.729070875001398],[-73.941464120941433,41.729661391687856],[-73.941463034681234,41.729665890541931],[-73.941462423133189,41.729668425758554],[-73.941379944197507,41.730010536587542],[-73.941245583567991,41.730568218108459],[-73.941139246169854,41.731035258107269],[-73.941000891462465,41.731533066808694],[-73.941016772324204,41.731783374752332],[-73.941033524729221,41.732304694258659],[-73.941105710357732,41.732785035177024],[-73.941170554354187,41.73321774917283],[-73.941173304814882,41.733236095474339],[-73.941237307907826,41.733663174135685],[-73.941290669240487,41.734011082126045],[-73.941304894740085,41.734103820435671],[-73.941320216284083,41.734203699610546],[-73.941330060040144,41.734267886172539],[-73.941339729074713,41.734330924543762],[-73.941389201079005,41.734668824167208],[-73.941338359708794,41.735159895959526],[-73.941205876146455,41.735858577510562],[-73.94115017962325,41.736092517583842],[-73.941108302344219,41.736225698640396],[-73.941067049106763,41.736356895804526],[-73.941062305693322,41.73638175617797],[-73.941050799017745,41.736442068441285],[-73.94102803241762,41.736561356810704],[-73.941013820752602,41.736635825507456],[-73.941010754849898,41.736651898891644],[-73.940967889329329,41.736997716568638],[-73.940979525078745,41.73734389246755],[-73.941004559720284,41.73743336631572],[-73.941049153325196,41.737592746466625],[-73.941056390703324,41.737618620650032],[-73.941059313172644,41.737629066770587],[-73.941088171377473,41.737729927236543],[-73.941152598784939,41.737955107220138],[-73.941272901088837,41.73828124161664],[-73.941313621580008,41.738362415956011],[-73.941380380726784,41.738495499192005],[-73.941447728011838,41.738638843964196],[-73.941514446912777,41.73878085528775],[-73.941594281594178,41.739096903443532],[-73.941643143771486,41.739449363939855],[-73.941645599662991,41.739467069809741],[-73.941646501745637,41.739473577498536],[-73.941646279106394,41.739475125535201],[-73.941646055264741,41.739476673560766],[-73.941640171077808,41.739517469252561],[-73.941624898832387,41.739623348788655],[-73.941603944462543,41.739768624396596],[-73.941556834675808,41.739947556511595],[-73.941534324386012,41.740033051583993],[-73.941465012524432,41.740246533131454],[-73.941408614919922,41.740633298445488],[-73.941361792601185,41.741151195988856],[-73.941321209783212,41.741600054551718],[-73.941304339877661,41.742190384022486],[-73.94126736009774,41.742810316623718],[-73.941195926075025,41.744008381357439],[-73.941093433666836,41.745727174859866],[-73.940947182141457,41.747441913004621],[-73.940718966233547,41.749263236117699],[-73.94067479179968,41.749642178085864],[-73.940647191694381,41.74987893254967],[-73.940604500433381,41.750194390497541],[-73.940596838867066,41.750618706171792],[-73.940584100541471,41.751324312165906],[-73.940598700981468,41.751808088411281],[-73.940629265236808,41.752820833660508],[-73.940653037216308,41.753195060817255],[-73.940666468835346,41.753406536481656],[-73.940691741994016,41.753732432117197],[-73.940717012998746,41.75405832590863],[-73.94082143189236,41.754740485053929],[-73.940979065209191,41.755637056874178],[-73.941138129146466,41.756299333109183],[-73.941273258557743,41.756641013994447],[-73.941325604710286,41.756773373222643],[-73.941634627349458,41.75737509917812],[-73.941963668391907,41.75791172050171],[-73.942078751389261,41.758099406294882],[-73.942577223259548,41.758854424518674],[-73.943264833929916,41.759813854798587],[-73.944303221113302,41.761186805441859],[-73.944418845628562,41.761349406963916],[-73.944586257148472,41.761584834500923],[-73.945791523209905,41.763033551580321],[-73.945801034632751,41.763044983007525],[-73.946084520160525,41.76337183206013],[-73.946340636013943,41.763671579016268],[-73.94667224194491,41.764059667866448],[-73.947083693984325,41.76454120062786],[-73.948752234355311,41.766354754295186],[-73.94924474972953,41.766890054257047],[-73.949744252265901,41.767497194327255],[-73.950607497174587,41.76866024242814],[-73.950635945967335,41.768725629988495],[-73.950642312555303,41.768740260339811],[-73.950711815842638,41.76890001304983],[-73.951144093067285,41.769893558418367],[-73.951264053390901,41.77029600183446],[-73.951395149868262,41.771100534426523],[-73.951403450575441,41.771196625972884],[-73.951420665945108,41.771395809386789],[-73.951440891907694,41.771497322918307],[-73.951445207362056,41.771518983262155],[-73.951552604931393,41.772057979812963],[-73.951572626911727,41.772719338538685],[-73.95159820779142,41.773564441760982],[-73.951641097960959,41.773844310372148],[-73.951650490656121,41.773905600343546],[-73.951664410906588,41.774258365401991],[-73.951665483008057,41.774285551555849],[-73.951674197273235,41.774506349351711],[-73.951720235068862,41.775900976576217],[-73.951720757465978,41.776029523475536],[-73.951722271890389,41.77640251806158],[-73.951722295077516,41.776408334895194],[-73.9517257318996,41.777254647772708],[-73.951748535050314,41.77781556712204],[-73.951761529199331,41.778135190008676],[-73.951712549114077,41.779478728965628],[-73.95167150747298,41.77981925531676],[-73.951669650020136,41.779834667086675],[-73.951663976552524,41.78079140036477],[-73.951667364270776,41.780903001716958],[-73.951668990183066,41.780956620765771],[-73.951682635727508,41.781406380258943],[-73.951698097893797,41.781916012143938],[-73.951778463742954,41.783223952034959],[-73.951785040004935,41.783331012364833],[-73.951810805317919,41.783585464531647],[-73.95187465279308,41.784257527439124],[-73.951975456772615,41.785616316608191],[-73.952141778877817,41.787367418247662],[-73.952236855249197,41.788384544139532],[-73.952295454123643,41.789011448617551],[-73.95230144079774,41.790283473506683],[-73.952201087626563,41.791168536208886],[-73.952158271918833,41.791509206189652],[-73.951867105459868,41.792413707204204],[-73.951656337813446,41.792942678412324],[-73.951353075108614,41.793703773461623],[-73.951284546765237,41.79387575996293],[-73.951231462489872,41.794008979761308],[-73.951081037124283,41.794458208467326],[-73.951051089958796,41.794547641125845],[-73.95082895860854,41.795284620172545],[-73.950606330553313,41.796142762858388],[-73.95053619381433,41.796413113794465],[-73.950270149839255,41.797633290508863],[-73.950220587988397,41.797962535615071],[-73.949543742285485,41.802458348079647],[-73.949263389550111,41.804320298015924],[-73.949178504002035,41.809245074890171],[-73.949164275567412,41.809553251863186],[-73.949157434354888,41.80970142402461],[-73.949167559626048,41.810197080453769],[-73.949173573452853,41.81049167387777],[-73.949222676104341,41.811099879044974],[-73.949251621556058,41.811550220513148],[-73.949248087365675,41.811735295791628],[-73.949243966632551,41.811951246387302],[-73.949243466477498,41.811977501115344],[-73.949242967558192,41.812003680197506],[-73.949238149350066,41.812256112718565],[-73.949238044340518,41.812261579781385],[-73.949235939798569,41.812371923452503],[-73.949135090951245,41.813287683212742],[-73.949039143982105,41.813663502641333],[-73.948961830937989,41.813966328524501],[-73.948865624748933,41.814258105744095],[-73.948800248601856,41.814455649589256],[-73.948498373468254,41.815437971424409],[-73.948376793700234,41.816290368430209],[-73.948374734525942,41.816600720699093],[-73.948372077892301,41.817001307357017],[-73.948386149727185,41.81716471388458],[-73.948391801420527,41.817230352131553],[-73.948536173956285,41.817779872657248],[-73.948597228662933,41.817945553817331],[-73.948702232847069,41.818230497928319],[-73.948837448277075,41.818586343304467],[-73.949055061409382,41.81927435239443],[-73.949188968357419,41.81981165935192],[-73.949253215565093,41.820086814311182],[-73.94941505941226,41.820779956911338],[-73.949491252357419,41.8211062704829],[-73.949558990359463,41.821396375071146],[-73.949607418871963,41.821743279895671],[-73.94970016774667,41.822407618614015],[-73.949638312641056,41.823289083846618],[-73.94963554207034,41.823328563127184],[-73.949560567319196,41.824396964477856],[-73.949220722157349,41.825624683579285],[-73.949084554856597,41.826116583693718],[-73.949069816917984,41.82639525523026],[-73.949049111023612,41.826510916253682],[-73.949020470677922,41.826670896334988],[-73.948988368621357,41.826897986592982],[-73.948978922182732,41.826964804236766],[-73.948963741689255,41.827072163817519],[-73.948952704502616,41.827150241573953],[-73.948857239016505,41.827850502536542],[-73.948820789553707,41.828117863602486],[-73.948750475121116,41.828946245223321],[-73.948737995911458,41.829239665117036],[-73.948733019527182,41.82935671383013],[-73.948718980935311,41.829686765254245],[-73.948716134982661,41.830124306763572],[-73.948753961587329,41.830496937692686],[-73.948759013990156,41.830546730096252],[-73.94882066422079,41.831012958451723],[-73.948949699756412,41.831640295821671],[-73.949050051106013,41.832001682755362],[-73.949152337958594,41.832714961634338],[-73.949194486522956,41.833008841569288],[-73.949917771449563,41.838052042379786],[-73.949826135780285,41.840032674529979],[-73.949774776245235,41.841142701931737],[-73.949696560022844,41.841550920042124],[-73.949688447983448,41.841593264035005],[-73.949449880037207,41.842838342611216],[-73.949269771578031,41.843778310509009],[-73.949015233599184,41.845414104448842],[-73.948945994795309,41.846595818978251],[-73.9489288921,41.847146330894027],[-73.948916730953911,41.847537710096333],[-73.948915190383318,41.847767357910911],[-73.948912470644402,41.848173005488313],[-73.948875923068229,41.848493682811075],[-73.948833779433301,41.848863452339359],[-73.948742479453514,41.849407167496388],[-73.948691709928141,41.849709510994295],[-73.948679634106981,41.849781426408008],[-73.948556030114148,41.850271389736506],[-73.948480248202301,41.850545643565063],[-73.948413931358914,41.850785645827301],[-73.948369833265886,41.85090160992339],[-73.94822909319835,41.851271721813013],[-73.94822513663415,41.851282119877368],[-73.948140991136839,41.851503399395774],[-73.947857648600007,41.852145725518163],[-73.947826812685975,41.852215630664162],[-73.947803057174312,41.85226947412005],[-73.94769569618461,41.85246583150326],[-73.947588034049431,41.852662734528309],[-73.947571191049676,41.852692595108508],[-73.947344788532249,41.853093978392607],[-73.94713639149316,41.853409899298718],[-73.946980595152084,41.853646078291426],[-73.946505488410821,41.854253206642881],[-73.945965469054528,41.854894930075268],[-73.945472194758196,41.855429781195404],[-73.945006839899463,41.855898691692389],[-73.944857597817773,41.856050071934156],[-73.944653419502714,41.856257172525801],[-73.944492460358063,41.856410557582493],[-73.944252889771633,41.856638851913864],[-73.94419767452554,41.856691462354952],[-73.94383434338755,41.857056598220645],[-73.943657075488929,41.857270054633638],[-73.943237540332944,41.857783366227395],[-73.942955819568724,41.858138793358783],[-73.942789697140142,41.858348373598929],[-73.942763287449495,41.858381705723325],[-73.942696297946654,41.858466250232205],[-73.942308066051496,41.858956219158813],[-73.941959645111211,41.859395940255361],[-73.941502284084407,41.860012882010771],[-73.941343022518069,41.860283406007802],[-73.941287134760941,41.860378343973878],[-73.94112476417888,41.860688807187245],[-73.940893861188385,41.861130318113339],[-73.940796613370509,41.861368569304432],[-73.940787142371533,41.861391768810989],[-73.940696566152297,41.861613670305495],[-73.940555665548843,41.861917293730762],[-73.940378548392587,41.862347645907569],[-73.940320677874283,41.862488253419833],[-73.940264529289209,41.862624675157562],[-73.940253096586915,41.86266208981948],[-73.940244180763813,41.862691264047477],[-73.940085174849585,41.863211686031988],[-73.94004337916563,41.863367414499876],[-73.940018488220005,41.863460162837747],[-73.939832269788852,41.864017699356197],[-73.93979245860686,41.864136890495288],[-73.939774560065459,41.86423030136676],[-73.939763813700722,41.864286376101767],[-73.939754060256874,41.864337266733457],[-73.939696683357099,41.864548286584046],[-73.93964983070272,41.864720599066878],[-73.939587819972914,41.864987630214529],[-73.939582730919952,41.86500954788297],[-73.939544490114812,41.865174215676099],[-73.939526332815348,41.865252402764554],[-73.939489414588962,41.865515351333201],[-73.939458430131907,41.865736025853316],[-73.939426447779752,41.865976090687035],[-73.939351627556874,41.86653768386757],[-73.939330446427803,41.866997452602114],[-73.939371502247781,41.867785726641209],[-73.93943863506324,41.868961550337843],[-73.939476783067136,41.869266873188899],[-73.939491784096191,41.869386926954846],[-73.939498103671852,41.869433690469201],[-73.9395878815928,41.87009798107163],[-73.939589026296133,41.870106440828117],[-73.939602263494223,41.870171675203736],[-73.939750516977341,41.870902158086999],[-73.939877335065916,41.871289538870485],[-73.940039993330672,41.871895215117078],[-73.94014455430208,41.872197254296481],[-73.94025804484626,41.872525090795151],[-73.940371263869451,41.872792467206629],[-73.940422276994667,41.872912941342513],[-73.940444818933145,41.872978884710669],[-73.940553977424457,41.873432749438798],[-73.940555351491568,41.873437474419113],[-73.940556724368861,41.873442198487759],[-73.940645198480865,41.873722587043744],[-73.940735762209741,41.873988862389446],[-73.940740106534889,41.87400163162507],[-73.940841677659066,41.87427932712415],[-73.940900473314841,41.874459620513946],[-73.9409591159001,41.87462621237421],[-73.940964309739783,41.874640961900781],[-73.941032279443476,41.874821459607908],[-73.941104622620642,41.875000946517126],[-73.941180869033417,41.875179585809079],[-73.941261483418657,41.875357040407174],[-73.941346004685713,41.875533649206623],[-73.941434896826081,41.875708901293272],[-73.941527697496468,41.87588313825254],[-73.941545214118918,41.875914374600448],[-73.941624636532865,41.876056017237097],[-73.941725485817358,41.876227707261513],[-73.941774740217355,41.876307615501872],[-73.9418304759172,41.876398040213807],[-73.941906360198629,41.876515787713991],[-73.94190833537165,41.876518857380702],[-73.941937560002543,41.876564200645767],[-73.9419384131009,41.876565523483109],[-73.941938464766466,41.876565605920028],[-73.941939371910621,41.876567013017571],[-73.942043100202739,41.876720976188693],[-73.942052183829276,41.876734457329171],[-73.94216890088147,41.876900371236481],[-73.942289535198526,41.877064751236844],[-73.942400918289536,41.87723198208657],[-73.942474380916735,41.877342281780308],[-73.942537194882263,41.877436591060267],[-73.942918228967613,41.87802996811515],[-73.943285468497422,41.878628098548305],[-73.943638770576854,41.879230785730279],[-73.943727078289726,41.879377075881408],[-73.943900386133052,41.879672543719316],[-73.944056005794266,41.879937854563323],[-73.944371826434292,41.880502878216603],[-73.944619087243439,41.880968069429791],[-73.944638814444829,41.881005177246017],[-73.944674319807376,41.881071973795002],[-73.944778958536574,41.881279326302433],[-73.944960803748046,41.881639662310597],[-73.944963471852745,41.88164495213244],[-73.944964106231765,41.881646171161393],[-73.944964734793047,41.881647377527521],[-73.944978227167994,41.881673314649703],[-73.945039059935766,41.881785010626885],[-73.945102198124715,41.881895850497813],[-73.945168091541163,41.882005672667624],[-73.945236513985321,41.882114820910687],[-73.945307469620417,41.882223116027724],[-73.945380954369952,41.882330220226009],[-73.94545674408262,41.882436645723963],[-73.945535290712286,41.882541880584256],[-73.945566712959774,41.882582382164259],[-73.945616140734614,41.882646093565377],[-73.945699523133001,41.8827492858642],[-73.94578520569759,41.88285128691853],[-73.945867980917669,41.882946283741177],[-73.945873191736382,41.882952262476593],[-73.945963706886971,41.883052050682693],[-73.946010498979746,41.883101789967995],[-73.94605629733735,41.883150470834714],[-73.94615142022846,41.88324786847636],[-73.946278739653323,41.883372822014394],[-73.94637340701145,41.883468276151056],[-73.946555237689751,41.883651611879351],[-73.9468250623854,41.883933983969747],[-73.947009179759434,41.884133752819707],[-73.947088445648788,41.884219758523443],[-73.947203177232296,41.884349123261288],[-73.947344920856423,41.884508943916018],[-73.947434784015243,41.884614138885546],[-73.947594719863545,41.884801363085082],[-73.948672368434075,41.886041102165791],[-73.948781682684825,41.886166855361893],[-73.948814056282657,41.88620418358699],[-73.948913634785427,41.886316838283363],[-73.948983904035259,41.88639633584382],[-73.949158360804404,41.886586275652313],[-73.949243881256635,41.886676083861232],[-73.949250461144302,41.886682992749328],[-73.949336961795581,41.886773829413372],[-73.94952016830446,41.886959166150163],[-73.949707524329952,41.887141943018975],[-73.94989925725173,41.887322334106628],[-73.950094903044871,41.887500338751451],[-73.950294933835352,41.887675611790563],[-73.95056559235492,41.887938592119809],[-73.950931682192419,41.888304500154355],[-73.951037013629843,41.888409779537945],[-73.95108121835149,41.888455615719216],[-73.951497156191735,41.888886927108594],[-73.951946249984204,41.889370044269775],[-73.95211801760027,41.88955156526093],[-73.952332591283351,41.88978619802559],[-73.952346308045549,41.889801194995179],[-73.95256907449378,41.890053720864728],[-73.952583240731357,41.890070429571104],[-73.952587954493467,41.890075991858296],[-73.952616232630305,41.890109343020136],[-73.95276356018779,41.890283113225678],[-73.952772957116366,41.890294196075047],[-73.952785631030522,41.890309143851233],[-73.952996202235568,41.890567290406892],[-73.953172528921428,41.890792132037618],[-73.953200786827495,41.890828162353863],[-73.953399393282737,41.891091754396896],[-73.953591558129091,41.891357730897468],[-73.953777512460675,41.891626257013783],[-73.953957255381923,41.891897162541284],[-73.953960733397139,41.891902161404666],[-73.953966587060009,41.89191057202067],[-73.954010603418553,41.891975687725854],[-73.954011443753274,41.891977081507505],[-73.954012284073372,41.891978476189699],[-73.954029789455802,41.892005567399941],[-73.954030791190775,41.892007116665738],[-73.954053043009822,41.89204155281692],[-73.954093971734522,41.892107895894341],[-73.954133286673425,41.892174744843658],[-73.954146728071279,41.892198623267362],[-73.954171169504477,41.892242046380495],[-73.954188110714327,41.892273877142046],[-73.954207319649981,41.892309974299494],[-73.954221333830276,41.892337759620887],[-73.954221602382972,41.892338292559685],[-73.954241808698214,41.892378351822792],[-73.954266778703413,41.892430170343708],[-73.954274921727716,41.892447068063987],[-73.95430618823508,41.892516294369656],[-73.95433607877365,41.892585855793534],[-73.954360132970052,41.892632934748463],[-73.954390105159334,41.892688259154696],[-73.954421002235293,41.892743419046283],[-73.954453506073662,41.892798069371125],[-73.95448715824358,41.892852380683252],[-73.954501344115101,41.892874309592848],[-73.954521961537907,41.892906181880278],[-73.954558147455558,41.892959469664902],[-73.954595480447878,41.893012422024775],[-73.954634197624102,41.893064691658566],[-73.954674064392819,41.893116619583459],[-73.954713420388842,41.893165795809971],[-73.954714249710065,41.893166831921192],[-73.954715081441819,41.893167868054348],[-73.954757247276063,41.893218602779179],[-73.954763822259295,41.893226185000813],[-73.954781689629172,41.893246788279711],[-73.954800796820095,41.893268832199759],[-73.954825210416502,41.893296122166049],[-73.954826767156959,41.893297864715827],[-73.954845269754856,41.893318546720671],[-73.954872737735627,41.893348069310605],[-73.954890890624455,41.893367578158525],[-73.95537050205985,41.893892217195486],[-73.9561962563875,41.894795473069649],[-73.956591024627485,41.895279010993612],[-73.956703236588268,41.895416458195527],[-73.957648052171635,41.896573689695622],[-73.957954731897757,41.896949307781632],[-73.958193330534186,41.897241537900406],[-73.961126252406999,41.900833448114362],[-73.961329537770069,41.901082393014001],[-73.961336844977509,41.901089450083148],[-73.961342983067496,41.901095447300435],[-73.96134917214475,41.901101497217226],[-73.961361039302048,41.901113884243387],[-73.961369575902367,41.901122969022232],[-73.961372676230695,41.901126269185816],[-73.961381513645676,41.901136133959547],[-73.961384080898668,41.90113900058391],[-73.961395256572487,41.901151728108253],[-73.961405973759724,41.901164627114305],[-73.961416460326603,41.901177696961263],[-73.961426484019995,41.901190762620587],[-73.961436509331278,41.90120417505009],[-73.961440665815786,41.9012100012255],[-73.961446072974226,41.90121758330298],[-73.961455176924389,41.901231163027191],[-73.961464051850157,41.901244740679218],[-73.961472698565643,41.901258489194348],[-73.961480883133262,41.90127241186083],[-73.961488835947051,41.901286500855157],[-73.961496558501295,41.901300589567704],[-73.961503824963316,41.901314850685253],[-73.96151062853518,41.901329108516485],[-73.961513857178844,41.901335948553552],[-73.961517436584472,41.901343536613687],[-73.961521433313393,41.901352973012052],[-73.961523549010792,41.901357964723836],[-73.961529663879801,41.901372391054387],[-73.961535089648805,41.901387158809449],[-73.961540513371162,41.901401755419172],[-73.961545248354653,41.901416522330265],[-73.961549984531075,41.901431290152601],[-73.961554033231849,41.901446224685174],[-73.961558075936566,41.901461157362007],[-73.961561433820776,41.901476092851958],[-73.961563018193303,41.901483221541547],[-73.961564792637787,41.901491194072776],[-73.961566302034853,41.90149975054053],[-73.961566390238161,41.901500259313863],[-73.961567456975772,41.901506298920118],[-73.961569089468256,41.901516410149931],[-73.96156989591654,41.901521400828265],[-73.961570511154974,41.901525617906572],[-73.961572102198289,41.901536501532902],[-73.961573852803966,41.901551599917831],[-73.961575142882396,41.901566697740478],[-73.961604706972679,41.901693748253905],[-73.96161962538757,41.901757862874966],[-73.961791484020594,41.902496406620841],[-73.96191598965973,41.903031463227258],[-73.961917204694217,41.903036687265683],[-73.961928670059606,41.903083730018601],[-73.961955105201895,41.903192203813759],[-73.96195963673236,41.903212622343524],[-73.96199649944603,41.903378778963535],[-73.962033529027096,41.903565683010072],[-73.962066193244709,41.90375325460144],[-73.962094490210831,41.903941161378505],[-73.962118430066482,41.904129221501606],[-73.962138003526931,41.904317782546372],[-73.962145365969363,41.904410560008209],[-73.962152982176264,41.90450650380005],[-73.962159406586395,41.904620798686466],[-73.962163598776854,41.904695378361552],[-73.962169845998901,41.90488440976835],[-73.962171124837937,41.905337618186856],[-73.962171630978489,41.905516732693435],[-73.962171915519619,41.905617299062463],[-73.962172462927938,41.905810985798787],[-73.962173679827103,41.906244564486677],[-73.962173131407539,41.906254082264098],[-73.962171386059836,41.90628434865765],[-73.962166885616085,41.906386900062181],[-73.962165424358915,41.906455007772685],[-73.962164684209299,41.906489463238287],[-73.962164819078509,41.906531604784142],[-73.962165010213255,41.906591859216718],[-73.962167628932818,41.906694435334181],[-73.96217277742474,41.906796848778455],[-73.962177559536428,41.906862630656171],[-73.962180222661132,41.90689926947006],[-73.962190190460262,41.90700152742258],[-73.962202459003493,41.907103621531142],[-73.962217019906817,41.907205549017313],[-73.962234111831535,41.907307314739278],[-73.962244479021635,41.907362292270761],[-73.962253269441206,41.907408915390903],[-73.962275187938616,41.907510009597551],[-73.962299169342018,41.907611111634083],[-73.96231295455641,41.907663425257297],[-73.962325682590489,41.907711706053391],[-73.962343162767866,41.907772542733788],[-73.962354489786648,41.907811965432934],[-73.962385597342944,41.907911717801923],[-73.962419233976789,41.908011135451048],[-73.96244150593445,41.908072934092985],[-73.962454941564658,41.908110216039752],[-73.962492948667943,41.908208620279382],[-73.962533481307119,41.908306687058605],[-73.962576080825727,41.908404074481382],[-73.962620986733143,41.908500958537736],[-73.962668416183732,41.908597332180172],[-73.96271769104878,41.908692855132749],[-73.962769493062581,41.908787869499662],[-73.962823365557114,41.908882208132049],[-73.962879311411712,41.908975693622054],[-73.962880335542323,41.908977154744392],[-73.962881359672977,41.908978615866715],[-73.962923487184113,41.909039300395875],[-73.962964463580107,41.909100488792141],[-73.96300359054284,41.909162267518397],[-73.963041814723965,41.909224403747658],[-73.963078195550793,41.909287126762209],[-73.963113187681216,41.909350356007053],[-73.963121536327364,41.909366144398575],[-73.963146807054699,41.909413925905042],[-73.96316188105402,41.909444111807929],[-73.963162050410574,41.909444450185902],[-73.963172529937353,41.909465434837131],[-73.963178809799814,41.909478004480896],[-73.963209437354777,41.909542424591038],[-73.963238455521292,41.909607352546232],[-73.963265861065224,41.909672615390768],[-73.96329188537905,41.909738219718378],[-73.963316304608838,41.909803990581203],[-73.96333911443277,41.909870269293208],[-73.963360544591438,41.909936717478196],[-73.963365726599534,41.90995417411353],[-73.963380363296224,41.910003501468609],[-73.963398578118571,41.910070451108012],[-73.963405197695181,41.910097279527214],[-73.963415179051665,41.910137737433054],[-73.963430177210668,41.910205194822488],[-73.963434487394053,41.910226607408944],[-73.963443792152319,41.910272816252345],[-73.963450946003462,41.910313202694276],[-73.963455799560904,41.910340604201387],[-73.963456025422644,41.910341549236328],[-73.963456248887795,41.910342493349006],[-73.963479285057588,41.910448907691027],[-73.963500254303867,41.910555490706479],[-73.963518466778666,41.910662400090189],[-73.963528771285567,41.910732753059655],[-73.963534151654713,41.910769481196446],[-73.9635475378292,41.910876894609444],[-73.9635581689964,41.910984299362433],[-73.963566502927293,41.911091869813895],[-73.963568316363947,41.911126902222044],[-73.963572081540633,41.911199598226752],[-73.96357536445548,41.911307321226481],[-73.96357601755561,41.911400213560533],[-73.96357605560793,41.911405687242606],[-73.963576120169776,41.911415037624302],[-73.9635751170117,41.911429269877431],[-73.963572242236665,41.911490322495474],[-73.963570739252972,41.911551547813701],[-73.963570670841861,41.911585513958265],[-73.963570617101183,41.911612610866598],[-73.963571872805801,41.91167384487315],[-73.963573361968372,41.91170842581981],[-73.963574502160242,41.911734913847496],[-73.963578742360554,41.911795988354903],[-73.963584363110328,41.911857068117726],[-73.963588144362788,41.911890017033279],[-73.963591356374792,41.911917979235021],[-73.963598142314112,41.911967185245572],[-73.963599733037512,41.911978720003475],[-73.963609715682423,41.912039469862755],[-73.963612848693998,41.912056515296719],[-73.963620848976916,41.912100051775006],[-73.963633587500439,41.912160466240294],[-73.963647705719268,41.912220716626443],[-73.96366320613582,41.912280797551553],[-73.963680079065284,41.912340711629632],[-73.963698334512983,41.912400287824212],[-73.963717972497051,41.912459525234091],[-73.963724901859152,41.912478853886235],[-73.963739214186646,41.912518765405153],[-73.963761610840749,41.912577498113293],[-73.963775287660198,41.912634485892589],[-73.96378200817125,41.912664789953496],[-73.963788269162777,41.912693013835451],[-73.963799641476655,41.912751881215094],[-73.963809634409145,41.912810746052067],[-73.9638186277964,41.912869756781518],[-73.963824483302375,41.912918727407273],[-73.9638257154987,41.912928799848586],[-73.963831576858411,41.912987994867919],[-73.963836285226492,41.913047354210306],[-73.9638393851384,41.913106708043358],[-73.963841114100063,41.913166058510569],[-73.963841479231206,41.913203942845804],[-73.963841687916926,41.913225407559445],[-73.963840952462334,41.913267744753888],[-73.963840656882368,41.913284751131691],[-73.963838250107244,41.913344088592901],[-73.963836643190291,41.913369258466226],[-73.963836528923139,41.913371029942354],[-73.963834462750626,41.913403420799888],[-73.963830334205198,41.913450821529565],[-73.963829296014339,41.913462747763383],[-73.963825784295253,41.913494527533977],[-73.963822758632134,41.913521902038447],[-73.963814837440196,41.913580877201419],[-73.96380554278349,41.913639853478209],[-73.963794867642818,41.913698817295135],[-73.963789765946885,41.91372363138769],[-73.963782818566287,41.913757438167153],[-73.963769388852697,41.91381605558378],[-73.963756947621036,41.913865819383524],[-73.963754818032172,41.913874323149201],[-73.963738639012476,41.913932416780284],[-73.963721082156439,41.913990333151432],[-73.963702149842632,41.914048074084803],[-73.963682067939999,41.914105466889495],[-73.963660611734994,41.914162686967536],[-73.96362511111677,41.914266341908103],[-73.9635983821765,41.914339629962967],[-73.963573312577211,41.914408361217895],[-73.963539794516322,41.914494475576376],[-73.963518304244914,41.914549685934375],[-73.963460082840967,41.914690144897193],[-73.963436924333109,41.914742698529849],[-73.963398422200896,41.91483007651064],[-73.963350989210085,41.914931999727159],[-73.963333781532,41.914968971536716],[-73.96326570234821,41.915106994254749],[-73.963194409675211,41.915244321419465],[-73.96311991059838,41.915380439710397],[-73.963042199605596,41.915515688621866],[-73.962961513338101,41.915649900059243],[-73.962877610673331,41.91578307003698],[-73.962864191566823,41.915802673363451],[-73.962860273897107,41.915808396820346],[-73.962335503251865,41.916574984790721],[-73.961717059367686,41.917478380616807],[-73.961686737052858,41.917519448669886],[-73.96161453539456,41.917614576780522],[-73.961558048666504,41.917686060451459],[-73.961551992596242,41.917693724364831],[-73.96154004419968,41.917708844717644],[-73.96146348862689,41.917801901453302],[-73.961384644391714,41.917894266438751],[-73.961368333192496,41.917912644636786],[-73.961303741738163,41.917985423870739],[-73.961220774633588,41.918075373690307],[-73.961172651375762,41.91812565825866],[-73.961135516816569,41.918164459700627],[-73.96104842727496,41.918252338393799],[-73.960959052606881,41.91833900836459],[-73.960867845002596,41.918424470998239],[-73.960774577358492,41.918508898963516],[-73.960710762934099,41.918564629024019],[-73.96067947835877,41.918591947570135],[-73.960582320885237,41.91867379038684],[-73.960535758668087,41.918711720002896],[-73.960483331658821,41.918754426759186],[-73.960463479479486,41.918771685665114],[-73.960336072614709,41.918881729762617],[-73.960292053106855,41.918918488022491],[-73.960206146014059,41.918990221570319],[-73.960073710039225,41.919096819822173],[-73.95993875317707,41.919201862154033],[-73.959801276043223,41.919305013515952],[-73.959661516259146,41.919406270648068],[-73.959519473473179,41.919505803764288],[-73.959375140791252,41.919603443469029],[-73.957640107556784,41.920819506763237],[-73.957558335136497,41.920897378723041],[-73.957547721854439,41.920908395641568],[-73.957530617425121,41.920926862449647],[-73.957522394337161,41.92093602768869],[-73.957513741322231,41.920945674480805],[-73.957497324282286,41.920964659101593],[-73.957481365085115,41.920983817201737],[-73.957465868554124,41.921003148825278],[-73.957462083982222,41.921008054597088],[-73.957450827454934,41.921022653906689],[-73.957444603142193,41.921031120361569],[-73.957436240237413,41.921042501756716],[-73.957424616746863,41.921058973812336],[-73.957422113289994,41.921062522208224],[-73.957408445751796,41.921082545928968],[-73.957395464856376,41.921102911830459],[-73.95738271383938,41.921123453645826],[-73.957370421917247,41.921144166251288],[-73.957358817284515,41.921164885096687],[-73.95734743986263,41.921185943752711],[-73.957336754612882,41.921207005090636],[-73.957326522430648,41.921228237164584],[-73.957320658509886,41.92124108320612],[-73.957316750448484,41.921249646344016],[-73.957307439128911,41.921271056103407],[-73.957301940082317,41.921284823232959],[-73.957298817183073,41.921292640546476],[-73.957290419206856,41.921314393645474],[-73.957282712185417,41.921336150316804],[-73.95727546298393,41.921358082271254],[-73.957268904364071,41.921380188920885],[-73.957262576118652,41.921402293158955],[-73.957256930419092,41.921424399092096],[-73.957252870172994,41.921441862996979],[-73.957251748599646,41.921446678562411],[-73.955221009502182,41.935371731819039],[-73.955220777147531,41.935373330178578],[-73.95522054236605,41.935374929416689],[-73.955117458127134,41.936081618713139],[-73.955109249281264,41.936105063853354],[-73.955095025429586,41.93614569199115],[-73.955038660029217,41.936315479477095],[-73.954986196794977,41.936486138261138],[-73.95495110528779,41.93661042972586],[-73.95493786692326,41.936657325500164],[-73.954893433643335,41.936829211970895],[-73.954853135038391,41.937001624216421],[-73.954816735851097,41.937174566404074],[-73.954804293796826,41.937241382107452],[-73.954794936340775,41.937291639329459],[-73.954789803322981,41.937319213149983],[-73.954784469372001,41.937347863231324],[-73.954756103579356,41.93752169001943],[-73.954731874604008,41.937695697663607],[-73.954722899600114,41.937773567198008],[-73.954722780212862,41.937774599168378],[-73.954711777140432,41.937870065349664],[-73.954708435001578,41.937906598124769],[-73.954705232219936,41.937941614555754],[-73.954700112891501,41.937997592616007],[-73.954695811663058,41.938044618356045],[-73.954683748663214,41.938219525720264],[-73.954680711391276,41.938288499446038],[-73.954676054936257,41.938394274714852],[-73.954656643262354,41.938708387837323],[-73.954656283488745,41.938714240653759],[-73.954649890831362,41.938817668296295],[-73.954605959142938,41.939797570991686],[-73.95458522514933,41.940777894595605],[-73.954510565984748,41.941627392511691],[-73.954429933407681,41.942544872574913],[-73.95394178275339,41.948098449032955],[-73.95392922142085,41.948241353771046],[-73.953928477616927,41.948250098693876],[-73.953800506880981,41.949669483668629],[-73.953718876240046,41.950574822779252],[-73.953626603850566,41.951598181507563],[-73.953616516749832,41.95171003416872],[-73.953596705568927,41.951929758279299],[-73.953191369243171,41.953084732484037],[-73.9530087805623,41.953604986044517],[-73.952571560027437,41.954850726084736],[-73.952559839458047,41.954895137752594],[-73.952548991120921,41.954936241155899],[-73.952520732172815,41.955051575513274],[-73.952495230372733,41.95516726826223],[-73.952472478673528,41.955283308532387],[-73.95246643933524,41.955318469134923],[-73.952452485446258,41.955399701805732],[-73.952435247490357,41.955516276028973],[-73.952422558914392,41.955616978944491],[-73.952420536804993,41.955633029122737],[-73.952408805772592,41.95574996791818],[-73.952399610962729,41.955866909138919],[-73.952393166194298,41.955984206893845],[-73.952389481213871,41.956101340692371],[-73.952388692815248,41.956201119133929],[-73.952388554051154,41.956218652766651],[-73.952390381821999,41.956335804443306],[-73.952394969809518,41.956453137119546],[-73.952393817514391,41.956530488568369],[-73.952386965133115,41.956755838953057],[-73.952374822257184,41.95698100054706],[-73.952357397680572,41.957205801403425],[-73.952342366775653,41.957354590610109],[-73.952334689362033,41.957430583750735],[-73.952306698415413,41.957654834221294],[-73.952273654413375,41.957878898957453],[-73.952235096105085,41.958102425190617],[-73.952191488202132,41.958325253237149],[-73.951732685105043,41.960159302775892],[-73.951334064324357,41.961315177465856],[-73.950975473732825,41.962354940727202],[-73.949566076579799,41.965917274084141],[-73.949565097131,41.965919522165308],[-73.949564117682144,41.965921770246482],[-73.949554656904851,41.965943477745981],[-73.94949682335691,41.96608375615628],[-73.949442427167227,41.96622473157516],[-73.949408240982436,41.966318938937228],[-73.949391016971944,41.966366406181251],[-73.949343279557567,41.966508774555741],[-73.949298523763488,41.966651670060472],[-73.949273703106215,41.966738323733033],[-73.949257445959219,41.966795091867652],[-73.949253442036891,41.96681137510042],[-73.949172559513741,41.967114343038446],[-73.949084790729373,41.967416091419473],[-73.949026798818906,41.967599775198245],[-73.948989910020757,41.967716613658332],[-73.948887906404124,41.968015911438094],[-73.94877901913631,41.968313814004865],[-73.948723492552901,41.9684560134694],[-73.948663239667468,41.968610322161389],[-73.948592692365409,41.968779944042808],[-73.948540574418075,41.968905260317911],[-73.948410795521383,41.969198462445661],[-73.948274358708332,41.969490098416486],[-73.948137555496217,41.969765782948933],[-73.947999150162076,41.970057565341563],[-73.947950160038516,41.970160842128266],[-73.947866701969446,41.97034714690917],[-73.94777217255546,41.970558163188436],[-73.947658244417624,41.970828323195022],[-73.947603592813451,41.970957916394688],[-73.947444188118297,41.971359583579506],[-73.947294194639213,41.97176334437583],[-73.946935931853858,41.972761971117777],[-73.946279832469259,41.974590692801073],[-73.945894040722422,41.975665943789771],[-73.945562755033805,41.976579653665191],[-73.945357273740044,41.977171445627413],[-73.944848801394642,41.978635804250352],[-73.94382884916098,41.981695469631532],[-73.943825331471331,41.9817069476142],[-73.943820172866239,41.981723565837967],[-73.942498028681911,41.985880910856643],[-73.941765126486601,41.988247048638421],[-73.94152667111527,41.989080144552283],[-73.941387681238766,41.989667364152496],[-73.941280733600664,41.990119204862367],[-73.941103652336025,41.990952509008878],[-73.941035953321816,41.99121744253636],[-73.941003066754945,41.991346137678654],[-73.940863321265795,41.992087980498326],[-73.940751103045415,41.992353273067508],[-73.940570251829286,41.992787964266938],[-73.940440544706192,41.993028702734776],[-73.940259766292257,41.993364224237027],[-73.939922751263765,41.994006675734433],[-73.93971281074505,41.994406881045563],[-73.939564707316151,41.994668013980011],[-73.9393030039937,41.995129443870134],[-73.939170565707414,41.995397882990964],[-73.939048050643706,41.995646200355196],[-73.938944443851199,41.995936346570176],[-73.938835604963657,41.996241145629796],[-73.938771552827546,41.996634897131933],[-73.938814758039968,41.99760633589419],[-73.938894528851222,41.998614608679802],[-73.938883367657482,41.999416232127977],[-73.938817786041284,42.000094176715479],[-73.938641537703035,42.000780827656449],[-73.938528911459073,42.001092031682958],[-73.938366650635885,42.001540372429076],[-73.938061364528807,42.002231209208809],[-73.937567113088022,42.003188739323463],[-73.937315394487754,42.003676383276073],[-73.936805076676123,42.004719138149298],[-73.936651266107674,42.005063720344978],[-73.936562074345034,42.005263540706352],[-73.936299783866204,42.005949891813387],[-73.936160339824525,42.006664103165569],[-73.9359834938343,42.007213078500676],[-73.935967477356627,42.007262801669462],[-73.935959837778057,42.007286518793144],[-73.935883040222762,42.007462715029668],[-73.93566073867656,42.007972736789377],[-73.935193561922119,42.008983559355855],[-73.93460768028271,42.010328591327585],[-73.934407155791405,42.010987536596005],[-73.934071589356975,42.011877462276132],[-73.933863641737375,42.012428931552364],[-73.933740951941218,42.01279917775836],[-73.933575535194393,42.013298358098979],[-73.933487407254205,42.013584932452694],[-73.933299663621881,42.014195438401501],[-73.933120605916287,42.01477494515342],[-73.933055037091734,42.014987147038035],[-73.932888458145698,42.01605852480499],[-73.932810597092498,42.016559653457584],[-73.932709156653118,42.017212523604044],[-73.932559956646557,42.018481027338851],[-73.932555226728979,42.019232407768811],[-73.932612027038516,42.019965654805638],[-73.932671269425782,42.020380354781807],[-73.932682747850166,42.020460712776426],[-73.93285647947242,42.021143941461439],[-73.933026556243789,42.021623874254814],[-73.933110063159958,42.021859519415422],[-73.933425812335614,42.022456281116412],[-73.933590938868576,42.022942613810592],[-73.933602787200158,42.022977512276711],[-73.933618908784112,42.023025002757798],[-73.933787228802245,42.023621252690212],[-73.933808089884351,42.023679693998979],[-73.933855275773539,42.023811886111261],[-73.93392210342401,42.023999105518357],[-73.933962417150738,42.024112043672247],[-73.934265538225858,42.02474546528105],[-73.934667403426658,42.025333261737693],[-73.935068886640877,42.025746948367861],[-73.935099795325868,42.025778794702362],[-73.935131374954153,42.025811334446601],[-73.935191375277398,42.025876574637756],[-73.935256036004205,42.02594687913497],[-73.935351172285465,42.026050325475715],[-73.935779213522622,42.026390891106765],[-73.93604709628103,42.026776519539517],[-73.936126717171945,42.026965765554728],[-73.936222773921557,42.027194071761436],[-73.936273687300471,42.027474242894591],[-73.936275031600104,42.027481643353525],[-73.936317741129699,42.027716657482777],[-73.936288213371384,42.02850465529022],[-73.936271332493604,42.029255993229491],[-73.936354396142008,42.029732744437339],[-73.936342055704145,42.030136275152458],[-73.936331281748835,42.030488516880773],[-73.936186127746453,42.032073307292578],[-73.936118582615947,42.033053437970402],[-73.936058311260751,42.033864313697748],[-73.935943420234608,42.034541901706348],[-73.935730689140769,42.035155009346283],[-73.935419487027133,42.035767947981867],[-73.935084408751251,42.036298303801438],[-73.934208586431382,42.037756717632192],[-73.93382343793381,42.038478850688811],[-73.933711056921211,42.038689560702274],[-73.933587426686003,42.038969504867779],[-73.933424203960811,42.039339107530985],[-73.933239323255663,42.039882579711495],[-73.933142434238036,42.040167389492815],[-73.933077778449615,42.040680325738307],[-73.933108425146685,42.041660967815638],[-73.933128432636835,42.042226351905519],[-73.933139881449847,42.042549853369053],[-73.933178852437919,42.043785332130696],[-73.933237149982972,42.045633466414621],[-73.933202948373406,42.046206027799158],[-73.93315036689782,42.046603420611326],[-73.933125392307957,42.046792155962578],[-73.93286828219459,42.048596421804888],[-73.932616059285394,42.050236909581486],[-73.932515560878471,42.050890537423015],[-73.931986696887478,42.054414873894061],[-73.931962871407023,42.054573631653753],[-73.9319445454434,42.054695762851047],[-73.93168146862898,42.056449579762308],[-73.931622904323589,42.057924547267554],[-73.931732222320093,42.060485388693678],[-73.931735381618338,42.060559359820559],[-73.931708263044825,42.060953225114467],[-73.931648753734791,42.061060211236679],[-73.931620424598009,42.061111142624682],[-73.931596287601153,42.061154533241499],[-73.931478006323161,42.061406068012232],[-73.931417201522038,42.061544349114584],[-73.931389160632037,42.061608121758084],[-73.931353306679739,42.061689653422533],[-73.93113027172619,42.061945456698453],[-73.930845492612676,42.062246833116866],[-73.930567628255076,42.062467019256502],[-73.930489206130957,42.062529162122772],[-73.930464494452679,42.062548745003859],[-73.930378001034526,42.062617285471518],[-73.93033888657385,42.062648280290823],[-73.929986645234479,42.06288579711876],[-73.92962253212535,42.06313131418667],[-73.92940438024759,42.063259491986784],[-73.92895600723817,42.063522931602243],[-73.928550402981813,42.063749828111256],[-73.928380147609374,42.063845067094725],[-73.928332055807843,42.063871971338891],[-73.928190962360915,42.063950899778789],[-73.927973176883654,42.064111774192284],[-73.927894482929901,42.06416990216745],[-73.927634891856357,42.064379604440248],[-73.927487392828112,42.064541544492151],[-73.927381074732125,42.064658268961573],[-73.927254909699982,42.064838245287625],[-73.927182465625791,42.064941589282313],[-73.927090365277408,42.06521077074072],[-73.927057213495104,42.06530766776293],[-73.927078917911501,42.065729148654995],[-73.927211336015944,42.066187893713135],[-73.92724979806448,42.066448277909849],[-73.927295294869438,42.066756274419838],[-73.927328105864632,42.066978376285022],[-73.927328904527698,42.066983778582824],[-73.927329157263614,42.066985494862791],[-73.927331117894383,42.067041560003211],[-73.927337235962298,42.067216548452514],[-73.92734697615164,42.067495090282478],[-73.927349982975429,42.067581056527843],[-73.927315652177981,42.068162875766824],[-73.927214330473561,42.068602272002536],[-73.927001692676498,42.069169565562184],[-73.926883334078937,42.069389677456847],[-73.926875835702546,42.069403623086288],[-73.926790162736566,42.069562948360222],[-73.926504219150502,42.070038393482541],[-73.926291920831446,42.070550803787604],[-73.926239090449613,42.070723730239422],[-73.926216444187958,42.070797857091229],[-73.926179889810598,42.071017107972352],[-73.926095072557885,42.071525833707796],[-73.926093852848496,42.071716352482468],[-73.926093846404655,42.07171738005129],[-73.926092315234413,42.071956488080652],[-73.926211796596135,42.072337283140797],[-73.926224739175737,42.072378532826463],[-73.926700248553601,42.073039847886307],[-73.927079058673684,42.073416969915733],[-73.927457187943574,42.073723297712583],[-73.927715280797784,42.073932381086436],[-73.929287959029153,42.075142789912761],[-73.929752310452514,42.075611791752024],[-73.929904516583932,42.075854027556865],[-73.929971561709863,42.075960727256472],[-73.929993796444762,42.076039832320951],[-73.930068799860194,42.076306663132755],[-73.930076524769476,42.076334149692592],[-73.930079851180622,42.076345979971734],[-73.930085758041173,42.076422035420741],[-73.930086182460158,42.076427499048101],[-73.930102624295159,42.076639173583374],[-73.930025993164406,42.077069568545255],[-73.929656545763791,42.07880156193886],[-73.926061619806674,42.07816465696942],[-73.920490324942037,42.077177356211152],[-73.917108461208642,42.076578108722181],[-73.916715554743931,42.076508481639486],[-73.916452143948106,42.076461802152139],[-73.916451325875101,42.076464339630427],[-73.915422801145894,42.079655025746618],[-73.915063403910963,42.080735454422538],[-73.91495234445965,42.081069306294459],[-73.914938118203906,42.081063849906982],[-73.913333534704449,42.080448359565459],[-73.911982669478519,42.07994277082517],[-73.911329802650812,42.079700668452382],[-73.91130429935285,42.079691209367859],[-73.909645178536934,42.079075930859844],[-73.908942406847814,42.078811066131493]]]]}}
]
}
